Protein identifier	Gene symbol	HMM id	Element type	Method	evalue	score	Target length	Class	Subclass
tr|Q5F857|Q5F857_NEIG1	16S_rRNA_Rmt_gen-NCBIFAM	16S_rRNA_Rmt_gen-NCBIFAM	AMR	HMM	5.11763970953072e-06	22.887048721313477	193		
Q5F5S3	47473_otr-NCBIFAM	47473_otr-NCBIFAM	AMR	HMM	2.7665858342732296e-88	293.91680908203125	701		
Q5FA25	47473_otr-NCBIFAM	47473_otr-NCBIFAM	AMR	HMM	2.0068390505730545e-55	185.38624572753906	531		
tr|Q5F8H0|Q5F8H0_NEIG1	47473_otr-NCBIFAM	47473_otr-NCBIFAM	AMR	HMM	2.8607863011573404e-36	122.12527465820312	603		
Q5F9P9	47473_otr-NCBIFAM	47473_otr-NCBIFAM	AMR	HMM	6.388667543356968e-34	114.36734008789062	597		
Q5F5Q8	47473_otr-NCBIFAM	47473_otr-NCBIFAM	AMR	HMM	1.3505619388345794e-19	67.05496215820312	394		
Q5F797	47473_otr-NCBIFAM	47473_otr-NCBIFAM	AMR	HMM	6.182382804785807e-09	31.84542465209961	943		
tr|Q5F6I5|Q5F6I5_NEIG1	ABCF_CarA-NCBIFAM	ABCF_CarA-NCBIFAM	AMR	HMM	1.4627036401619674e-75	251.33917236328125	558		
tr|Q5F8B6|Q5F8B6_NEIG1	ABCF_CarA-NCBIFAM	ABCF_CarA-NCBIFAM	AMR	HMM	3.747378599218761e-75	249.99041748046875	636		
tr|Q5F8K8|Q5F8K8_NEIG1	ABCF_CarA-NCBIFAM	ABCF_CarA-NCBIFAM	AMR	HMM	1.1582802551773191e-57	192.25302124023438	542		
tr|Q5F8J2|Q5F8J2_NEIG1	ABCF_CarA-NCBIFAM	ABCF_CarA-NCBIFAM	AMR	HMM	5.851547921877232e-56	186.62965393066406	640		
Q5FA19	ABCF_CarA-NCBIFAM	ABCF_CarA-NCBIFAM	AMR	HMM	3.487671867123266e-21	71.83129119873047	352		
tr|Q5F6Z0|Q5F6Z0_NEIG1	ABCF_CarA-NCBIFAM	ABCF_CarA-NCBIFAM	AMR	HMM	2.3878788649000932e-20	69.07325744628906	308		
Q5F8K2	ABCF_CarA-NCBIFAM	ABCF_CarA-NCBIFAM	AMR	HMM	2.644965162561089e-19	65.6255111694336	231		
tr|Q5F5K2|Q5F5K2_NEIG1	ABCF_CarA-NCBIFAM	ABCF_CarA-NCBIFAM	AMR	HMM	3.343079926905073e-19	65.2896957397461	216		
tr|Q5F9W7|Q5F9W7_NEIG1	ABCF_CarA-NCBIFAM	ABCF_CarA-NCBIFAM	AMR	HMM	3.5298772205873445e-19	65.21174621582031	242		
tr|Q5F503|Q5F503_NEIG1	ABCF_CarA-NCBIFAM	ABCF_CarA-NCBIFAM	AMR	HMM	4.0066368793350336e-18	61.728965759277344	266		
tr|Q5F9F1|Q5F9F1_NEIG1	ABCF_CarA-NCBIFAM	ABCF_CarA-NCBIFAM	AMR	HMM	7.439462704364037e-18	60.84174346923828	358		
tr|Q5FA40|Q5FA40_NEIG1	ABCF_CarA-NCBIFAM	ABCF_CarA-NCBIFAM	AMR	HMM	1.3117308375487235e-17	60.02865982055664	374		
tr|Q5F523|Q5F523_NEIG1	ABCF_CarA-NCBIFAM	ABCF_CarA-NCBIFAM	AMR	HMM	2.6070995198087966e-17	59.04388427734375	266		
tr|Q5F6W0|Q5F6W0_NEIG1	ABCF_CarA-NCBIFAM	ABCF_CarA-NCBIFAM	AMR	HMM	4.771981853390879e-17	58.17719650268555	231		
tr|Q5F9L9|Q5F9L9_NEIG1	ABCF_CarA-NCBIFAM	ABCF_CarA-NCBIFAM	AMR	HMM	7.180209714712671e-17	57.59144592285156	251		
tr|Q5F590|Q5F590_NEIG1	ABCF_CarA-NCBIFAM	ABCF_CarA-NCBIFAM	AMR	HMM	2.2992694749702597e-16	55.92287063598633	313		
tr|Q5F5B6|Q5F5B6_NEIG1	ABCF_CarA-NCBIFAM	ABCF_CarA-NCBIFAM	AMR	HMM	7.425494962970796e-16	54.24213790893555	243		
tr|Q5F634|Q5F634_NEIG1	ABCF_CarA-NCBIFAM	ABCF_CarA-NCBIFAM	AMR	HMM	4.947717627586144e-15	51.523048400878906	618		
tr|Q5F548|Q5F548_NEIG1	ABCF_CarA-NCBIFAM	ABCF_CarA-NCBIFAM	AMR	HMM	1.4378059765314815e-14	49.9936408996582	252		
tr|Q5F6F4|Q5F6F4_NEIG1	ABCF_CarA-NCBIFAM	ABCF_CarA-NCBIFAM	AMR	HMM	2.7812588660424774e-14	49.047725677490234	244		
Q5F6V6	ABCF_CarA-NCBIFAM	ABCF_CarA-NCBIFAM	AMR	HMM	3.4971827621546367e-14	48.719337463378906	644		
tr|Q5FA61|Q5FA61_NEIG1	ABCF_CarA-NCBIFAM	ABCF_CarA-NCBIFAM	AMR	HMM	6.050257760080588e-12	41.331180572509766	251		
Q5F4X8	ABCF_CarA-NCBIFAM	ABCF_CarA-NCBIFAM	AMR	HMM	6.747804501402404e-12	41.17474365234375	622		
tr|A0A0H4J5C0|A0A0H4J5C0_NEIG1	ABCF_CarA-NCBIFAM	ABCF_CarA-NCBIFAM	AMR	HMM	1.559956900582113e-07	26.76869010925293	255		
tr|Q5F7H1|Q5F7H1_NEIG1	ABCF_CarA-NCBIFAM	ABCF_CarA-NCBIFAM	AMR	HMM	2.1830142271372916e-07	26.286907196044922	949		
tr|Q5F6I5|Q5F6I5_NEIG1	ABCF_CplR-NCBIFAM	ABCF_CplR-NCBIFAM	AMR	HMM	7.191177731585111e-79	262.7587585449219	558		
tr|Q5F8B6|Q5F8B6_NEIG1	ABCF_CplR-NCBIFAM	ABCF_CplR-NCBIFAM	AMR	HMM	2.4348131567525944e-78	261.0105285644531	636		
tr|Q5F8K8|Q5F8K8_NEIG1	ABCF_CplR-NCBIFAM	ABCF_CplR-NCBIFAM	AMR	HMM	1.4251428415047776e-73	245.27513122558594	542		
tr|Q5F8J2|Q5F8J2_NEIG1	ABCF_CplR-NCBIFAM	ABCF_CplR-NCBIFAM	AMR	HMM	8.906086731407451e-68	226.14524841308594	640		
tr|Q5F503|Q5F503_NEIG1	ABCF_CplR-NCBIFAM	ABCF_CplR-NCBIFAM	AMR	HMM	5.466885890214795e-20	68.41458892822266	266		
tr|Q5F5K2|Q5F5K2_NEIG1	ABCF_CplR-NCBIFAM	ABCF_CplR-NCBIFAM	AMR	HMM	1.3468551846950666e-17	60.52086639404297	216		
tr|Q5F9W7|Q5F9W7_NEIG1	ABCF_CplR-NCBIFAM	ABCF_CplR-NCBIFAM	AMR	HMM	6.036173076333603e-16	55.070072174072266	242		
Q5F6V6	ABCF_CplR-NCBIFAM	ABCF_CplR-NCBIFAM	AMR	HMM	8.188680310509175e-16	54.632896423339844	644		
Q5F8K2	ABCF_CplR-NCBIFAM	ABCF_CplR-NCBIFAM	AMR	HMM	1.0331457740601091e-15	54.299705505371094	231		
tr|Q5F523|Q5F523_NEIG1	ABCF_CplR-NCBIFAM	ABCF_CplR-NCBIFAM	AMR	HMM	1.6830845971914944e-14	50.29952621459961	266		
tr|Q5F634|Q5F634_NEIG1	ABCF_CplR-NCBIFAM	ABCF_CplR-NCBIFAM	AMR	HMM	1.750468862985766e-14	50.243255615234375	618		
tr|Q5F6F4|Q5F6F4_NEIG1	ABCF_CplR-NCBIFAM	ABCF_CplR-NCBIFAM	AMR	HMM	1.8108242966473505e-14	50.194664001464844	244		
tr|Q5F9L9|Q5F9L9_NEIG1	ABCF_CplR-NCBIFAM	ABCF_CplR-NCBIFAM	AMR	HMM	3.750539078751956e-14	49.15094757080078	251		
tr|Q5F5B6|Q5F5B6_NEIG1	ABCF_CplR-NCBIFAM	ABCF_CplR-NCBIFAM	AMR	HMM	4.123775074155294e-14	49.014957427978516	243		
tr|Q5F9F1|Q5F9F1_NEIG1	ABCF_CplR-NCBIFAM	ABCF_CplR-NCBIFAM	AMR	HMM	5.489287301565296e-14	48.604949951171875	358		
Q5F4X8	ABCF_CplR-NCBIFAM	ABCF_CplR-NCBIFAM	AMR	HMM	6.007944077356628e-14	48.47553253173828	622		
tr|Q5FA40|Q5FA40_NEIG1	ABCF_CplR-NCBIFAM	ABCF_CplR-NCBIFAM	AMR	HMM	2.339765357577435e-13	46.52668762207031	374		
Q5FA19	ABCF_CplR-NCBIFAM	ABCF_CplR-NCBIFAM	AMR	HMM	5.599722088410163e-13	45.2757682800293	352		
tr|Q5F548|Q5F548_NEIG1	ABCF_CplR-NCBIFAM	ABCF_CplR-NCBIFAM	AMR	HMM	6.517865382851575e-13	45.058128356933594	252		
tr|Q5F6Z0|Q5F6Z0_NEIG1	ABCF_CplR-NCBIFAM	ABCF_CplR-NCBIFAM	AMR	HMM	9.381915403767994e-13	44.536014556884766	308		
tr|Q5F6W0|Q5F6W0_NEIG1	ABCF_CplR-NCBIFAM	ABCF_CplR-NCBIFAM	AMR	HMM	2.686262495513686e-12	43.028099060058594	231		
tr|Q5F590|Q5F590_NEIG1	ABCF_CplR-NCBIFAM	ABCF_CplR-NCBIFAM	AMR	HMM	3.215673060261141e-10	36.168983459472656	313		
tr|Q5FA61|Q5FA61_NEIG1	ABCF_CplR-NCBIFAM	ABCF_CplR-NCBIFAM	AMR	HMM	3.408698234979447e-10	36.08542251586914	251		
tr|Q5F7H1|Q5F7H1_NEIG1	ABCF_CplR-NCBIFAM	ABCF_CplR-NCBIFAM	AMR	HMM	4.1000721470068493e-07	25.918813705444336	949		
tr|A0A0H4J5C0|A0A0H4J5C0_NEIG1	ABCF_CplR-NCBIFAM	ABCF_CplR-NCBIFAM	AMR	HMM	1.620764585936103e-06	23.94857406616211	255		
tr|A0A0H4IVZ5|A0A0H4IVZ5_NEIG1	ABCF_CplR-NCBIFAM	ABCF_CplR-NCBIFAM	AMR	HMM	5.292959648225936e-06	22.252120971679688	93		
tr|Q5F8J2|Q5F8J2_NEIG1	ABCF_Lsa_all-NCBIFAM	ABCF_Lsa_all-NCBIFAM	AMR	HMM	1.2178958230735152e-66	222.53128051757812	640		
tr|Q5F8B6|Q5F8B6_NEIG1	ABCF_Lsa_all-NCBIFAM	ABCF_Lsa_all-NCBIFAM	AMR	HMM	1.3685210939757625e-64	215.7676239013672	636		
tr|Q5F6I5|Q5F6I5_NEIG1	ABCF_Lsa_all-NCBIFAM	ABCF_Lsa_all-NCBIFAM	AMR	HMM	1.5988110253195059e-62	208.94821166992188	558		
tr|Q5F8K8|Q5F8K8_NEIG1	ABCF_Lsa_all-NCBIFAM	ABCF_Lsa_all-NCBIFAM	AMR	HMM	6.773241971796803e-58	193.68692016601562	542		
tr|Q5FA40|Q5FA40_NEIG1	ABCF_Lsa_all-NCBIFAM	ABCF_Lsa_all-NCBIFAM	AMR	HMM	5.6620933064227654e-18	62.01108169555664	374		
tr|Q5F548|Q5F548_NEIG1	ABCF_Lsa_all-NCBIFAM	ABCF_Lsa_all-NCBIFAM	AMR	HMM	1.4060824048781184e-15	54.11151123046875	252		
tr|Q5F523|Q5F523_NEIG1	ABCF_Lsa_all-NCBIFAM	ABCF_Lsa_all-NCBIFAM	AMR	HMM	1.5870573696021921e-15	53.938079833984375	266		
tr|Q5FA61|Q5FA61_NEIG1	ABCF_Lsa_all-NCBIFAM	ABCF_Lsa_all-NCBIFAM	AMR	HMM	2.050094655960756e-15	53.57136917114258	251		
tr|Q5F6Z0|Q5F6Z0_NEIG1	ABCF_Lsa_all-NCBIFAM	ABCF_Lsa_all-NCBIFAM	AMR	HMM	4.588459584275059e-15	52.41731262207031	308		
tr|Q5F9W7|Q5F9W7_NEIG1	ABCF_Lsa_all-NCBIFAM	ABCF_Lsa_all-NCBIFAM	AMR	HMM	6.540533399014684e-15	51.909549713134766	242		
tr|Q5F9L9|Q5F9L9_NEIG1	ABCF_Lsa_all-NCBIFAM	ABCF_Lsa_all-NCBIFAM	AMR	HMM	6.9575965673888096e-15	51.82100296020508	251		
tr|Q5F5K2|Q5F5K2_NEIG1	ABCF_Lsa_all-NCBIFAM	ABCF_Lsa_all-NCBIFAM	AMR	HMM	5.090726940096387e-14	48.9702033996582	216		
Q5F6V6	ABCF_Lsa_all-NCBIFAM	ABCF_Lsa_all-NCBIFAM	AMR	HMM	5.912788763880443e-14	48.75577163696289	644		
Q5FA19	ABCF_Lsa_all-NCBIFAM	ABCF_Lsa_all-NCBIFAM	AMR	HMM	1.731413458900524e-13	47.21675109863281	352		
tr|Q5F6F4|Q5F6F4_NEIG1	ABCF_Lsa_all-NCBIFAM	ABCF_Lsa_all-NCBIFAM	AMR	HMM	2.366609463882452e-13	46.76908493041992	244		
tr|Q5F9F1|Q5F9F1_NEIG1	ABCF_Lsa_all-NCBIFAM	ABCF_Lsa_all-NCBIFAM	AMR	HMM	1.001799884873785e-12	44.70218276977539	358		
tr|Q5F5B6|Q5F5B6_NEIG1	ABCF_Lsa_all-NCBIFAM	ABCF_Lsa_all-NCBIFAM	AMR	HMM	1.0081991172688533e-12	44.69306182861328	243		
tr|Q5F503|Q5F503_NEIG1	ABCF_Lsa_all-NCBIFAM	ABCF_Lsa_all-NCBIFAM	AMR	HMM	1.1374513010942297e-11	41.221961975097656	266		
tr|Q5F634|Q5F634_NEIG1	ABCF_Lsa_all-NCBIFAM	ABCF_Lsa_all-NCBIFAM	AMR	HMM	3.085601689394806e-11	39.792449951171875	618		
Q5F8K2	ABCF_Lsa_all-NCBIFAM	ABCF_Lsa_all-NCBIFAM	AMR	HMM	4.343546797027459e-11	39.302635192871094	231		
tr|Q5F590|Q5F590_NEIG1	ABCF_Lsa_all-NCBIFAM	ABCF_Lsa_all-NCBIFAM	AMR	HMM	9.785022352864004e-11	38.13926315307617	313		
Q5F4X8	ABCF_Lsa_all-NCBIFAM	ABCF_Lsa_all-NCBIFAM	AMR	HMM	1.7180443005732494e-10	37.332916259765625	622		
tr|Q5F7H1|Q5F7H1_NEIG1	ABCF_Lsa_all-NCBIFAM	ABCF_Lsa_all-NCBIFAM	AMR	HMM	6.709035740964007e-09	32.08323669433594	949		
tr|Q5F6W0|Q5F6W0_NEIG1	ABCF_Lsa_all-NCBIFAM	ABCF_Lsa_all-NCBIFAM	AMR	HMM	1.3138711176443172e-08	31.1204833984375	231		
tr|A0A0H4J5C0|A0A0H4J5C0_NEIG1	ABCF_Lsa_all-NCBIFAM	ABCF_Lsa_all-NCBIFAM	AMR	HMM	4.3522119081403803e-07	26.106529235839844	255		
tr|A0A0H4IVZ5|A0A0H4IVZ5_NEIG1	ABCF_Lsa_all-NCBIFAM	ABCF_Lsa_all-NCBIFAM	AMR	HMM	5.341097837233758e-06	22.514928817749023	93		
tr|Q5F8J2|Q5F8J2_NEIG1	ABCF_Msr_all-NCBIFAM	ABCF_Msr_all-NCBIFAM	AMR	HMM	3.980820342830708e-82	273.2077331542969	640		
tr|Q5F8B6|Q5F8B6_NEIG1	ABCF_Msr_all-NCBIFAM	ABCF_Msr_all-NCBIFAM	AMR	HMM	1.3033176696092147e-79	264.9129333496094	636		
tr|Q5F8K8|Q5F8K8_NEIG1	ABCF_Msr_all-NCBIFAM	ABCF_Msr_all-NCBIFAM	AMR	HMM	6.946964079572977e-78	259.21807861328125	542		
tr|Q5F6I5|Q5F6I5_NEIG1	ABCF_Msr_all-NCBIFAM	ABCF_Msr_all-NCBIFAM	AMR	HMM	3.220090268885339e-72	240.5312042236328	558		
tr|Q5FA40|Q5FA40_NEIG1	ABCF_Msr_all-NCBIFAM	ABCF_Msr_all-NCBIFAM	AMR	HMM	1.6021699354732967e-18	63.43745422363281	374		
Q5F8K2	ABCF_Msr_all-NCBIFAM	ABCF_Msr_all-NCBIFAM	AMR	HMM	6.074011483137468e-18	61.528663635253906	231		
tr|Q5F503|Q5F503_NEIG1	ABCF_Msr_all-NCBIFAM	ABCF_Msr_all-NCBIFAM	AMR	HMM	1.4045590727000732e-17	60.32796859741211	266		
tr|Q5F7H1|Q5F7H1_NEIG1	ABCF_Msr_all-NCBIFAM	ABCF_Msr_all-NCBIFAM	AMR	HMM	2.0470893097264328e-17	59.788421630859375	949		
tr|Q5F5K2|Q5F5K2_NEIG1	ABCF_Msr_all-NCBIFAM	ABCF_Msr_all-NCBIFAM	AMR	HMM	9.111653377752449e-17	57.6497802734375	216		
tr|Q5F6Z0|Q5F6Z0_NEIG1	ABCF_Msr_all-NCBIFAM	ABCF_Msr_all-NCBIFAM	AMR	HMM	2.503904503738873e-16	56.20187759399414	308		
tr|Q5F9L9|Q5F9L9_NEIG1	ABCF_Msr_all-NCBIFAM	ABCF_Msr_all-NCBIFAM	AMR	HMM	4.2061554599939943e-16	55.45893859863281	251		
tr|Q5F523|Q5F523_NEIG1	ABCF_Msr_all-NCBIFAM	ABCF_Msr_all-NCBIFAM	AMR	HMM	8.150722389600754e-16	54.51137924194336	266		
tr|Q5F548|Q5F548_NEIG1	ABCF_Msr_all-NCBIFAM	ABCF_Msr_all-NCBIFAM	AMR	HMM	2.0487520214480335e-15	53.191200256347656	252		
tr|Q5F9W7|Q5F9W7_NEIG1	ABCF_Msr_all-NCBIFAM	ABCF_Msr_all-NCBIFAM	AMR	HMM	2.2470082360291926e-15	53.05889892578125	242		
Q5F4X8	ABCF_Msr_all-NCBIFAM	ABCF_Msr_all-NCBIFAM	AMR	HMM	2.4800808753131526e-15	52.91754150390625	622		
tr|Q5F6F4|Q5F6F4_NEIG1	ABCF_Msr_all-NCBIFAM	ABCF_Msr_all-NCBIFAM	AMR	HMM	2.794758855590647e-15	52.74644470214844	244		
Q5FA19	ABCF_Msr_all-NCBIFAM	ABCF_Msr_all-NCBIFAM	AMR	HMM	7.725155854069499e-15	51.290157318115234	352		
tr|Q5F9F1|Q5F9F1_NEIG1	ABCF_Msr_all-NCBIFAM	ABCF_Msr_all-NCBIFAM	AMR	HMM	9.582839783307668e-14	47.683475494384766	358		
Q5F6V6	ABCF_Msr_all-NCBIFAM	ABCF_Msr_all-NCBIFAM	AMR	HMM	1.6416719112198552e-13	46.91242218017578	644		
tr|Q5F634|Q5F634_NEIG1	ABCF_Msr_all-NCBIFAM	ABCF_Msr_all-NCBIFAM	AMR	HMM	1.8479911537190394e-13	46.74285888671875	618		
tr|Q5F590|Q5F590_NEIG1	ABCF_Msr_all-NCBIFAM	ABCF_Msr_all-NCBIFAM	AMR	HMM	2.0589802088776058e-13	46.588008880615234	313		
tr|Q5FA61|Q5FA61_NEIG1	ABCF_Msr_all-NCBIFAM	ABCF_Msr_all-NCBIFAM	AMR	HMM	2.636815472506061e-12	42.9356803894043	251		
tr|Q5F6W0|Q5F6W0_NEIG1	ABCF_Msr_all-NCBIFAM	ABCF_Msr_all-NCBIFAM	AMR	HMM	1.2994524502912357e-11	40.65119934082031	231		
tr|Q5F5B6|Q5F5B6_NEIG1	ABCF_Msr_all-NCBIFAM	ABCF_Msr_all-NCBIFAM	AMR	HMM	2.5161320459599743e-11	39.70475387573242	243		
tr|A0A0H4IVZ5|A0A0H4IVZ5_NEIG1	ABCF_Msr_all-NCBIFAM	ABCF_Msr_all-NCBIFAM	AMR	HMM	6.530610714931224e-08	28.444555282592773	93		
tr|A0A0H4J5C0|A0A0H4J5C0_NEIG1	ABCF_Msr_all-NCBIFAM	ABCF_Msr_all-NCBIFAM	AMR	HMM	6.453210522644467e-06	21.86557388305664	255		
tr|Q5F8J2|Q5F8J2_NEIG1	ABCF_OptrA-NCBIFAM	ABCF_OptrA-NCBIFAM	AMR	HMM	1.3626626726875901e-83	278.24761962890625	640		
tr|Q5F8B6|Q5F8B6_NEIG1	ABCF_OptrA-NCBIFAM	ABCF_OptrA-NCBIFAM	AMR	HMM	6.938431276388858e-78	259.3905334472656	636		
tr|Q5F8K8|Q5F8K8_NEIG1	ABCF_OptrA-NCBIFAM	ABCF_OptrA-NCBIFAM	AMR	HMM	3.111131736747821e-73	244.02017211914062	542		
tr|Q5F6I5|Q5F6I5_NEIG1	ABCF_OptrA-NCBIFAM	ABCF_OptrA-NCBIFAM	AMR	HMM	1.8401652011884642e-65	218.33953857421875	558		
tr|Q5FA40|Q5FA40_NEIG1	ABCF_OptrA-NCBIFAM	ABCF_OptrA-NCBIFAM	AMR	HMM	3.4652619613130956e-13	45.608882904052734	374		
tr|Q5F5B6|Q5F5B6_NEIG1	ABCF_OptrA-NCBIFAM	ABCF_OptrA-NCBIFAM	AMR	HMM	1.496930906907825e-12	43.50912857055664	243		
Q5F4X8	ABCF_OptrA-NCBIFAM	ABCF_OptrA-NCBIFAM	AMR	HMM	1.3063169953342602e-11	40.40031051635742	622		
Q5FA19	ABCF_OptrA-NCBIFAM	ABCF_OptrA-NCBIFAM	AMR	HMM	4.2490138461024134e-11	38.70772933959961	352		
tr|Q5F503|Q5F503_NEIG1	ABCF_OptrA-NCBIFAM	ABCF_OptrA-NCBIFAM	AMR	HMM	1.0715896456958992e-10	37.38026809692383	266		
tr|Q5F5K2|Q5F5K2_NEIG1	ABCF_OptrA-NCBIFAM	ABCF_OptrA-NCBIFAM	AMR	HMM	1.1597358046682123e-10	37.26683044433594	216		
tr|Q5F9W7|Q5F9W7_NEIG1	ABCF_OptrA-NCBIFAM	ABCF_OptrA-NCBIFAM	AMR	HMM	3.973341360803816e-10	35.49971389770508	242		
Q5F8K2	ABCF_OptrA-NCBIFAM	ABCF_OptrA-NCBIFAM	AMR	HMM	4.19241902750332e-10	35.42269515991211	231		
tr|Q5F6W0|Q5F6W0_NEIG1	ABCF_OptrA-NCBIFAM	ABCF_OptrA-NCBIFAM	AMR	HMM	4.996098873729252e-10	35.1710205078125	231		
tr|Q5F6F4|Q5F6F4_NEIG1	ABCF_OptrA-NCBIFAM	ABCF_OptrA-NCBIFAM	AMR	HMM	6.430602688261318e-10	34.80880355834961	244		
tr|Q5F9F1|Q5F9F1_NEIG1	ABCF_OptrA-NCBIFAM	ABCF_OptrA-NCBIFAM	AMR	HMM	7.106453639154945e-10	34.6653938293457	358		
tr|Q5F590|Q5F590_NEIG1	ABCF_OptrA-NCBIFAM	ABCF_OptrA-NCBIFAM	AMR	HMM	8.058962136508987e-10	34.484893798828125	313		
tr|Q5F523|Q5F523_NEIG1	ABCF_OptrA-NCBIFAM	ABCF_OptrA-NCBIFAM	AMR	HMM	1.2206577385144703e-09	33.88908386230469	266		
Q5F6V6	ABCF_OptrA-NCBIFAM	ABCF_OptrA-NCBIFAM	AMR	HMM	2.0145415896912373e-09	33.17013168334961	644		
tr|Q5F9L9|Q5F9L9_NEIG1	ABCF_OptrA-NCBIFAM	ABCF_OptrA-NCBIFAM	AMR	HMM	2.8470347724704078e-09	32.67377471923828	251		
tr|Q5F634|Q5F634_NEIG1	ABCF_OptrA-NCBIFAM	ABCF_OptrA-NCBIFAM	AMR	HMM	3.0025504148137835e-09	32.59745407104492	618		
tr|Q5F6Z0|Q5F6Z0_NEIG1	ABCF_OptrA-NCBIFAM	ABCF_OptrA-NCBIFAM	AMR	HMM	9.658839772554252e-09	30.92074966430664	308		
tr|Q5F548|Q5F548_NEIG1	ABCF_OptrA-NCBIFAM	ABCF_OptrA-NCBIFAM	AMR	HMM	1.7525996339113402e-08	30.06574249267578	252		
tr|Q5FA61|Q5FA61_NEIG1	ABCF_OptrA-NCBIFAM	ABCF_OptrA-NCBIFAM	AMR	HMM	2.41620828426357e-08	29.604955673217773	251		
tr|A0A0H4IVZ5|A0A0H4IVZ5_NEIG1	ABCF_OptrA-NCBIFAM	ABCF_OptrA-NCBIFAM	AMR	HMM	7.975981689610277e-08	27.891193389892578	93		
tr|Q5F8J2|Q5F8J2_NEIG1	ABCF_Sal-NCBIFAM	ABCF_Sal-NCBIFAM	AMR	HMM	4.432264713898855e-92	306.32159423828125	640		
tr|Q5F8B6|Q5F8B6_NEIG1	ABCF_Sal-NCBIFAM	ABCF_Sal-NCBIFAM	AMR	HMM	1.0693622875223494e-76	255.55184936523438	636		
tr|Q5F6I5|Q5F6I5_NEIG1	ABCF_Sal-NCBIFAM	ABCF_Sal-NCBIFAM	AMR	HMM	4.253835456663219e-76	253.57269287109375	558		
tr|Q5F8K8|Q5F8K8_NEIG1	ABCF_Sal-NCBIFAM	ABCF_Sal-NCBIFAM	AMR	HMM	3.541458207787736e-73	243.93394470214844	542		
tr|Q5F9W7|Q5F9W7_NEIG1	ABCF_Sal-NCBIFAM	ABCF_Sal-NCBIFAM	AMR	HMM	4.491923162041644e-24	81.8692855834961	242		
tr|Q5F5K2|Q5F5K2_NEIG1	ABCF_Sal-NCBIFAM	ABCF_Sal-NCBIFAM	AMR	HMM	1.0887068415686545e-21	73.99934387207031	216		
tr|Q5F6W0|Q5F6W0_NEIG1	ABCF_Sal-NCBIFAM	ABCF_Sal-NCBIFAM	AMR	HMM	1.3426561203285664e-19	67.09784698486328	231		
tr|Q5F9L9|Q5F9L9_NEIG1	ABCF_Sal-NCBIFAM	ABCF_Sal-NCBIFAM	AMR	HMM	2.405087183968734e-19	66.26227569580078	251		
Q5F4X8	ABCF_Sal-NCBIFAM	ABCF_Sal-NCBIFAM	AMR	HMM	6.815805009356576e-19	64.76918029785156	622		
Q5F6V6	ABCF_Sal-NCBIFAM	ABCF_Sal-NCBIFAM	AMR	HMM	2.534059820086327e-18	62.88691329956055	644		
tr|Q5FA40|Q5FA40_NEIG1	ABCF_Sal-NCBIFAM	ABCF_Sal-NCBIFAM	AMR	HMM	2.7653724106962485e-18	62.76170349121094	374		
Q5FA19	ABCF_Sal-NCBIFAM	ABCF_Sal-NCBIFAM	AMR	HMM	4.465500159110834e-18	62.0748176574707	352		
tr|Q5F5B6|Q5F5B6_NEIG1	ABCF_Sal-NCBIFAM	ABCF_Sal-NCBIFAM	AMR	HMM	4.6497311125566826e-18	62.016868591308594	243		
tr|Q5F634|Q5F634_NEIG1	ABCF_Sal-NCBIFAM	ABCF_Sal-NCBIFAM	AMR	HMM	3.1037063463679397e-17	59.295772552490234	618		
tr|Q5F6Z0|Q5F6Z0_NEIG1	ABCF_Sal-NCBIFAM	ABCF_Sal-NCBIFAM	AMR	HMM	3.3264240217353604e-17	59.19643783569336	308		
tr|Q5F523|Q5F523_NEIG1	ABCF_Sal-NCBIFAM	ABCF_Sal-NCBIFAM	AMR	HMM	3.2642384493829114e-16	55.92300033569336	266		
tr|Q5F548|Q5F548_NEIG1	ABCF_Sal-NCBIFAM	ABCF_Sal-NCBIFAM	AMR	HMM	1.634692987310704e-15	53.613800048828125	252		
tr|Q5F503|Q5F503_NEIG1	ABCF_Sal-NCBIFAM	ABCF_Sal-NCBIFAM	AMR	HMM	2.929886231462756e-14	49.47692108154297	266		
tr|Q5FA61|Q5FA61_NEIG1	ABCF_Sal-NCBIFAM	ABCF_Sal-NCBIFAM	AMR	HMM	2.2847706300905386e-13	46.53291320800781	251		
tr|Q5F590|Q5F590_NEIG1	ABCF_Sal-NCBIFAM	ABCF_Sal-NCBIFAM	AMR	HMM	3.570033323157589e-13	45.89318084716797	313		
Q5F8K2	ABCF_Sal-NCBIFAM	ABCF_Sal-NCBIFAM	AMR	HMM	7.781418328786468e-13	44.77634048461914	231		
tr|Q5F9F1|Q5F9F1_NEIG1	ABCF_Sal-NCBIFAM	ABCF_Sal-NCBIFAM	AMR	HMM	1.1231016302121731e-12	44.25037384033203	358		
tr|Q5F7H1|Q5F7H1_NEIG1	ABCF_Sal-NCBIFAM	ABCF_Sal-NCBIFAM	AMR	HMM	1.2315872512527844e-11	40.81771469116211	949		
tr|Q5F6F4|Q5F6F4_NEIG1	ABCF_Sal-NCBIFAM	ABCF_Sal-NCBIFAM	AMR	HMM	2.631076801428551e-10	36.429161071777344	244		
tr|A0A0H4J5C0|A0A0H4J5C0_NEIG1	ABCF_Sal-NCBIFAM	ABCF_Sal-NCBIFAM	AMR	HMM	2.6922193419072856e-08	29.795257568359375	255		
tr|A0A0H4IVZ5|A0A0H4IVZ5_NEIG1	ABCF_Sal-NCBIFAM	ABCF_Sal-NCBIFAM	AMR	HMM	2.8827192572596e-07	26.396772384643555	93		
tr|Q5F8B6|Q5F8B6_NEIG1	ABCF_VgaF-NCBIFAM	ABCF_VgaF-NCBIFAM	AMR	HMM	4.122258056873718e-72	240.08888244628906	636		
tr|Q5F6I5|Q5F6I5_NEIG1	ABCF_VgaF-NCBIFAM	ABCF_VgaF-NCBIFAM	AMR	HMM	1.3300150209158528e-52	175.77342224121094	558		
tr|Q5F8J2|Q5F8J2_NEIG1	ABCF_VgaF-NCBIFAM	ABCF_VgaF-NCBIFAM	AMR	HMM	1.6660955348859946e-48	162.2638397216797	640		
tr|Q5F8K8|Q5F8K8_NEIG1	ABCF_VgaF-NCBIFAM	ABCF_VgaF-NCBIFAM	AMR	HMM	1.697478481581162e-48	162.23712158203125	542		
tr|Q5F9L9|Q5F9L9_NEIG1	ABCF_VgaF-NCBIFAM	ABCF_VgaF-NCBIFAM	AMR	HMM	3.3086181364604667e-13	45.89518356323242	251		
tr|Q5F6Z0|Q5F6Z0_NEIG1	ABCF_VgaF-NCBIFAM	ABCF_VgaF-NCBIFAM	AMR	HMM	6.661469497159131e-13	44.89322280883789	308		
Q5F8K2	ABCF_VgaF-NCBIFAM	ABCF_VgaF-NCBIFAM	AMR	HMM	9.174796574798876e-13	44.43488693237305	231		
tr|Q5F634|Q5F634_NEIG1	ABCF_VgaF-NCBIFAM	ABCF_VgaF-NCBIFAM	AMR	HMM	1.1940920105374437e-12	44.05760192871094	618		
tr|Q5F5K2|Q5F5K2_NEIG1	ABCF_VgaF-NCBIFAM	ABCF_VgaF-NCBIFAM	AMR	HMM	4.0263893549584035e-12	42.317317962646484	216		
tr|Q5F9F1|Q5F9F1_NEIG1	ABCF_VgaF-NCBIFAM	ABCF_VgaF-NCBIFAM	AMR	HMM	4.576510140685313e-12	42.13395690917969	358		
tr|Q5F5B6|Q5F5B6_NEIG1	ABCF_VgaF-NCBIFAM	ABCF_VgaF-NCBIFAM	AMR	HMM	5.918859933435736e-12	41.76569747924805	243		
tr|Q5F503|Q5F503_NEIG1	ABCF_VgaF-NCBIFAM	ABCF_VgaF-NCBIFAM	AMR	HMM	8.591242910666226e-12	41.23222351074219	266		
tr|Q5FA61|Q5FA61_NEIG1	ABCF_VgaF-NCBIFAM	ABCF_VgaF-NCBIFAM	AMR	HMM	1.0422791131001246e-10	37.65877914428711	251		
tr|Q5F6F4|Q5F6F4_NEIG1	ABCF_VgaF-NCBIFAM	ABCF_VgaF-NCBIFAM	AMR	HMM	1.845632763905627e-10	36.84065246582031	244		
tr|Q5F9W7|Q5F9W7_NEIG1	ABCF_VgaF-NCBIFAM	ABCF_VgaF-NCBIFAM	AMR	HMM	2.2913833194137393e-10	36.530914306640625	242		
Q5F6V6	ABCF_VgaF-NCBIFAM	ABCF_VgaF-NCBIFAM	AMR	HMM	2.30333749379082e-10	36.52346420288086	644		
Q5FA19	ABCF_VgaF-NCBIFAM	ABCF_VgaF-NCBIFAM	AMR	HMM	3.6461029762721663e-10	35.8658561706543	352		
tr|Q5FA40|Q5FA40_NEIG1	ABCF_VgaF-NCBIFAM	ABCF_VgaF-NCBIFAM	AMR	HMM	1.2076223667207525e-09	34.151206970214844	374		
tr|Q5F7H1|Q5F7H1_NEIG1	ABCF_VgaF-NCBIFAM	ABCF_VgaF-NCBIFAM	AMR	HMM	1.923892116308587e-09	33.484439849853516	949		
Q5F4X8	ABCF_VgaF-NCBIFAM	ABCF_VgaF-NCBIFAM	AMR	HMM	2.391402682231711e-09	33.17298889160156	622		
tr|Q5F590|Q5F590_NEIG1	ABCF_VgaF-NCBIFAM	ABCF_VgaF-NCBIFAM	AMR	HMM	1.615577894444572e-08	30.437753677368164	313		
tr|Q5F6W0|Q5F6W0_NEIG1	ABCF_VgaF-NCBIFAM	ABCF_VgaF-NCBIFAM	AMR	HMM	1.7983094627438292e-08	30.284334182739258	231		
tr|Q5F548|Q5F548_NEIG1	ABCF_VgaF-NCBIFAM	ABCF_VgaF-NCBIFAM	AMR	HMM	1.9005065384606584e-07	26.9084415435791	252		
tr|A0A0H4IVZ5|A0A0H4IVZ5_NEIG1	ABCF_VgaF-NCBIFAM	ABCF_VgaF-NCBIFAM	AMR	HMM	1.1351303050421082e-06	24.349578857421875	93		
tr|Q5F8K8|Q5F8K8_NEIG1	ABCF_Vga_all-NCBIFAM	ABCF_Vga_all-NCBIFAM	AMR	HMM	1.4695368984541605e-84	281.2749938964844	542		
tr|Q5F8B6|Q5F8B6_NEIG1	ABCF_Vga_all-NCBIFAM	ABCF_Vga_all-NCBIFAM	AMR	HMM	8.202498602099305e-84	278.81097412109375	636		
tr|Q5F6I5|Q5F6I5_NEIG1	ABCF_Vga_all-NCBIFAM	ABCF_Vga_all-NCBIFAM	AMR	HMM	8.331050340462401e-81	268.8899230957031	558		
tr|Q5F8J2|Q5F8J2_NEIG1	ABCF_Vga_all-NCBIFAM	ABCF_Vga_all-NCBIFAM	AMR	HMM	1.8134098600783642e-75	251.2773895263672	640		
tr|Q5F503|Q5F503_NEIG1	ABCF_Vga_all-NCBIFAM	ABCF_Vga_all-NCBIFAM	AMR	HMM	1.786247364853359e-17	59.922855377197266	266		
tr|Q5F9L9|Q5F9L9_NEIG1	ABCF_Vga_all-NCBIFAM	ABCF_Vga_all-NCBIFAM	AMR	HMM	4.212596284894607e-17	58.69340133666992	251		
tr|Q5F9W7|Q5F9W7_NEIG1	ABCF_Vga_all-NCBIFAM	ABCF_Vga_all-NCBIFAM	AMR	HMM	1.8244800146000762e-16	56.592918395996094	242		
Q5F8K2	ABCF_Vga_all-NCBIFAM	ABCF_Vga_all-NCBIFAM	AMR	HMM	3.670967951214205e-16	55.591026306152344	231		
tr|Q5F5K2|Q5F5K2_NEIG1	ABCF_Vga_all-NCBIFAM	ABCF_Vga_all-NCBIFAM	AMR	HMM	4.140194163992938e-16	55.41865539550781	216		
tr|Q5F6W0|Q5F6W0_NEIG1	ABCF_Vga_all-NCBIFAM	ABCF_Vga_all-NCBIFAM	AMR	HMM	2.9405571360997722e-15	52.60935592651367	231		
tr|Q5FA40|Q5FA40_NEIG1	ABCF_Vga_all-NCBIFAM	ABCF_Vga_all-NCBIFAM	AMR	HMM	2.7779332736363218e-14	49.391292572021484	374		
tr|Q5F548|Q5F548_NEIG1	ABCF_Vga_all-NCBIFAM	ABCF_Vga_all-NCBIFAM	AMR	HMM	3.346873556141087e-14	49.124298095703125	252		
Q5F4X8	ABCF_Vga_all-NCBIFAM	ABCF_Vga_all-NCBIFAM	AMR	HMM	3.6169676093240923e-14	49.013084411621094	622		
tr|Q5F9F1|Q5F9F1_NEIG1	ABCF_Vga_all-NCBIFAM	ABCF_Vga_all-NCBIFAM	AMR	HMM	5.262068845861812e-14	48.47587203979492	358		
Q5FA19	ABCF_Vga_all-NCBIFAM	ABCF_Vga_all-NCBIFAM	AMR	HMM	1.0137485509447823e-13	47.53623580932617	352		
Q5F6V6	ABCF_Vga_all-NCBIFAM	ABCF_Vga_all-NCBIFAM	AMR	HMM	1.4263686341824095e-13	47.04690170288086	644		
tr|Q5F634|Q5F634_NEIG1	ABCF_Vga_all-NCBIFAM	ABCF_Vga_all-NCBIFAM	AMR	HMM	1.7587729184064534e-13	46.74671173095703	618		
tr|Q5F6F4|Q5F6F4_NEIG1	ABCF_Vga_all-NCBIFAM	ABCF_Vga_all-NCBIFAM	AMR	HMM	1.8485065231893338e-13	46.6754035949707	244		
tr|Q5F6Z0|Q5F6Z0_NEIG1	ABCF_Vga_all-NCBIFAM	ABCF_Vga_all-NCBIFAM	AMR	HMM	3.4238648137183264e-13	45.792118072509766	308		
tr|Q5F523|Q5F523_NEIG1	ABCF_Vga_all-NCBIFAM	ABCF_Vga_all-NCBIFAM	AMR	HMM	1.0012626509985674e-12	44.2544059753418	266		
tr|Q5F5B6|Q5F5B6_NEIG1	ABCF_Vga_all-NCBIFAM	ABCF_Vga_all-NCBIFAM	AMR	HMM	9.049617692243973e-12	41.099727630615234	243		
tr|Q5F590|Q5F590_NEIG1	ABCF_Vga_all-NCBIFAM	ABCF_Vga_all-NCBIFAM	AMR	HMM	1.1861460733371156e-10	37.412410736083984	313		
tr|Q5FA61|Q5FA61_NEIG1	ABCF_Vga_all-NCBIFAM	ABCF_Vga_all-NCBIFAM	AMR	HMM	4.244438838257365e-10	35.585487365722656	251		
tr|A0A0H4IVZ5|A0A0H4IVZ5_NEIG1	ABCF_Vga_all-NCBIFAM	ABCF_Vga_all-NCBIFAM	AMR	HMM	2.6055939665551187e-06	23.08635902404785	93		
tr|Q5F7H1|Q5F7H1_NEIG1	ABCF_Vga_all-NCBIFAM	ABCF_Vga_all-NCBIFAM	AMR	HMM	2.909627850586801e-06	22.928207397460938	949		
tr|Q5F8B6|Q5F8B6_NEIG1	ABCF_producer-NCBIFAM	ABCF_producer-NCBIFAM	AMR	HMM	1.090272393300168e-92	308.1255187988281	636		
tr|Q5F6I5|Q5F6I5_NEIG1	ABCF_producer-NCBIFAM	ABCF_producer-NCBIFAM	AMR	HMM	3.147085684750101e-92	306.60601806640625	558		
tr|Q5F8K8|Q5F8K8_NEIG1	ABCF_producer-NCBIFAM	ABCF_producer-NCBIFAM	AMR	HMM	2.348979396912783e-78	260.817138671875	542		
tr|Q5F8J2|Q5F8J2_NEIG1	ABCF_producer-NCBIFAM	ABCF_producer-NCBIFAM	AMR	HMM	4.301625299583859e-70	233.5452423095703	640		
Q5FA19	ABCF_producer-NCBIFAM	ABCF_producer-NCBIFAM	AMR	HMM	5.227793735701522e-25	84.73953247070312	352		
Q5F8K2	ABCF_producer-NCBIFAM	ABCF_producer-NCBIFAM	AMR	HMM	3.839019488547133e-22	75.28038787841797	231		
tr|Q5F6Z0|Q5F6Z0_NEIG1	ABCF_producer-NCBIFAM	ABCF_producer-NCBIFAM	AMR	HMM	6.4195199493214805e-22	74.54342651367188	308		
tr|Q5FA40|Q5FA40_NEIG1	ABCF_producer-NCBIFAM	ABCF_producer-NCBIFAM	AMR	HMM	6.4760762594973765e-22	74.53085327148438	374		
tr|Q5F523|Q5F523_NEIG1	ABCF_producer-NCBIFAM	ABCF_producer-NCBIFAM	AMR	HMM	8.557253870308235e-22	74.13140869140625	266		
tr|Q5F5K2|Q5F5K2_NEIG1	ABCF_producer-NCBIFAM	ABCF_producer-NCBIFAM	AMR	HMM	3.0211615613474394e-21	72.3232192993164	216		
tr|Q5F9L9|Q5F9L9_NEIG1	ABCF_producer-NCBIFAM	ABCF_producer-NCBIFAM	AMR	HMM	5.9901681582130686e-21	71.34207153320312	251		
tr|Q5F9W7|Q5F9W7_NEIG1	ABCF_producer-NCBIFAM	ABCF_producer-NCBIFAM	AMR	HMM	7.791883726344467e-21	70.96513366699219	242		
tr|Q5F503|Q5F503_NEIG1	ABCF_producer-NCBIFAM	ABCF_producer-NCBIFAM	AMR	HMM	1.0372755303604241e-20	70.5550308227539	266		
tr|Q5F9F1|Q5F9F1_NEIG1	ABCF_producer-NCBIFAM	ABCF_producer-NCBIFAM	AMR	HMM	1.3384661479695495e-19	66.88903045654297	358		
tr|Q5F590|Q5F590_NEIG1	ABCF_producer-NCBIFAM	ABCF_producer-NCBIFAM	AMR	HMM	4.360240673923738e-19	65.19615173339844	313		
tr|Q5F6F4|Q5F6F4_NEIG1	ABCF_producer-NCBIFAM	ABCF_producer-NCBIFAM	AMR	HMM	2.14599527310174e-18	62.91175842285156	244		
Q5F6V6	ABCF_producer-NCBIFAM	ABCF_producer-NCBIFAM	AMR	HMM	2.0340476403837835e-17	59.68797302246094	644		
tr|Q5F548|Q5F548_NEIG1	ABCF_producer-NCBIFAM	ABCF_producer-NCBIFAM	AMR	HMM	4.079451295975414e-17	58.69040298461914	252		
tr|Q5F5B6|Q5F5B6_NEIG1	ABCF_producer-NCBIFAM	ABCF_producer-NCBIFAM	AMR	HMM	8.360469433786128e-17	57.66184616088867	243		
tr|Q5F6W0|Q5F6W0_NEIG1	ABCF_producer-NCBIFAM	ABCF_producer-NCBIFAM	AMR	HMM	1.3816555795417848e-16	56.9417610168457	231		
tr|Q5F634|Q5F634_NEIG1	ABCF_producer-NCBIFAM	ABCF_producer-NCBIFAM	AMR	HMM	1.7639407576913026e-16	56.59162139892578	618		
tr|Q5FA61|Q5FA61_NEIG1	ABCF_producer-NCBIFAM	ABCF_producer-NCBIFAM	AMR	HMM	3.785658005038904e-15	52.19637680053711	251		
Q5F4X8	ABCF_producer-NCBIFAM	ABCF_producer-NCBIFAM	AMR	HMM	2.221790615023151e-14	49.65967559814453	622		
tr|Q5F7H1|Q5F7H1_NEIG1	ABCF_producer-NCBIFAM	ABCF_producer-NCBIFAM	AMR	HMM	2.8046937905713657e-10	36.12338638305664	949		
tr|A0A0H4J5C0|A0A0H4J5C0_NEIG1	ABCF_producer-NCBIFAM	ABCF_producer-NCBIFAM	AMR	HMM	1.4621567130820367e-08	30.455928802490234	255		
tr|A0A0H4IVZ5|A0A0H4IVZ5_NEIG1	ABCF_producer-NCBIFAM	ABCF_producer-NCBIFAM	AMR	HMM	1.0930348263760143e-06	24.271825790405273	93		
tr|Q5F561|Q5F561_NEIG1	APH_3p-NCBIFAM	APH_3p-NCBIFAM	AMR	HMM	8.098334768069197e-07	25.6726016998291	305		
Q5F911	CfrAB-NCBIFAM	CfrAB-NCBIFAM	AMR	HMM	8.140901197196468e-73	242.55020141601562	364		
Q5F6M0	D_ala_D_lac-NCBIFAM	D_ala_D_lac-NCBIFAM	AMR	HMM	2.64443860693245e-45	151.76710510253906	304		
tr|Q5FAH2|Q5FAH2_NEIG1	D_ala_D_lac-NCBIFAM	D_ala_D_lac-NCBIFAM	AMR	HMM	9.34258996024738e-09	31.59347915649414	1071		
Q5F6M0	D_ala_D_lac_Ao2-NCBIFAM	D_ala_D_lac_Ao2-NCBIFAM	AMR	HMM	3.5922526013369655e-35	118.5442123413086	304		
Q5F6M0	D_ala_D_lac_Sc-NCBIFAM	D_ala_D_lac_Sc-NCBIFAM	AMR	HMM	2.505243254653163e-35	119.14307403564453	304		
Q5F6M0	D_ala_D_lac_VanA-NCBIFAM	D_ala_D_lac_VanA-NCBIFAM	AMR	HMM	3.0711552692647414e-38	128.73403930664062	304		
Q5F6M0	D_ala_D_lac_VanB-NCBIFAM	D_ala_D_lac_VanB-NCBIFAM	AMR	HMM	3.473466996043172e-38	128.54644775390625	304		
Q5F6M0	D_ala_D_lac_VanD-NCBIFAM	D_ala_D_lac_VanD-NCBIFAM	AMR	HMM	8.033668304199314e-37	124.16999816894531	304		
tr|Q5FAH2|Q5FAH2_NEIG1	D_ala_D_lac_VanD-NCBIFAM	D_ala_D_lac_VanD-NCBIFAM	AMR	HMM	1.3816716482088469e-06	24.75860023498535	1071		
Q5F6M0	D_ala_D_lac_VanF-NCBIFAM	D_ala_D_lac_VanF-NCBIFAM	AMR	HMM	1.662030925501069e-36	122.8038101196289	304		
Q5F6M0	D_ala_D_lac_VanI-NCBIFAM	D_ala_D_lac_VanI-NCBIFAM	AMR	HMM	7.489869733177248e-40	134.1522979736328	304		
Q5F6M0	D_ala_D_lac_VanM-NCBIFAM	D_ala_D_lac_VanM-NCBIFAM	AMR	HMM	4.7137316982639874e-37	124.90090942382812	304		
Q5F6M0	D_ala_D_lac_VanO-NCBIFAM	D_ala_D_lac_VanO-NCBIFAM	AMR	HMM	6.453053107675886e-36	120.94436645507812	304		
Q5F6M0	D_ala_D_ser-NCBIFAM	D_ala_D_ser-NCBIFAM	AMR	HMM	1.361394825386336e-50	169.2707977294922	304		
tr|Q5FAH2|Q5FAH2_NEIG1	D_ala_D_ser-NCBIFAM	D_ala_D_ser-NCBIFAM	AMR	HMM	2.5198928947107492e-06	23.71967124938965	1071		
Q5F6M0	D_ala_D_ser_VanC-NCBIFAM	D_ala_D_ser_VanC-NCBIFAM	AMR	HMM	1.1027498927984896e-42	143.31094360351562	304		
Q5F6M0	D_ala_D_ser_VanE-NCBIFAM	D_ala_D_ser_VanE-NCBIFAM	AMR	HMM	2.3035749785353284e-38	129.08030700683594	304		
Q5F6M0	D_ala_D_ser_VanG-NCBIFAM	D_ala_D_ser_VanG-NCBIFAM	AMR	HMM	2.3618149164764246e-54	181.36085510253906	304		
tr|Q5FAH2|Q5FAH2_NEIG1	D_ala_D_ser_VanG-NCBIFAM	D_ala_D_ser_VanG-NCBIFAM	AMR	HMM	1.7915900895621455e-08	30.49675941467285	1071		
Q5F6M0	D_ala_D_ser_VanL-NCBIFAM	D_ala_D_ser_VanL-NCBIFAM	AMR	HMM	1.467252355102423e-39	133.06674194335938	304		
Q5F6M0	D_ala_D_ser_VanN-NCBIFAM	D_ala_D_ser_VanN-NCBIFAM	AMR	HMM	5.927811250152782e-38	127.6502914428711	304		
tr|Q5F7I7|Q5F7I7_NEIG1	EntFM_CwpFM-NCBIFAM	EntFM_CwpFM-NCBIFAM	AMR	HMM	6.879500426667563e-21	71.61181640625	222		
tr|Q5F888|Q5F888_NEIG1	EntFM_CwpFM-NCBIFAM	EntFM_CwpFM-NCBIFAM	AMR	HMM	1.35609302201074e-18	64.05119323730469	177		
Q5F9W4	Erm23S_rRNA_broad-NCBIFAM	Erm23S_rRNA_broad-NCBIFAM	AMR	HMM	3.142443795949542e-45	151.332275390625	259		
tr|Q5FAJ5|Q5FAJ5_NEIG1	Erm23S_rRNA_broad-NCBIFAM	Erm23S_rRNA_broad-NCBIFAM	AMR	HMM	2.7344890873247755e-09	33.640201568603516	218		
Q5F9W4	Erm37-NCBIFAM	Erm37-NCBIFAM	AMR	HMM	3.003527782616662e-07	27.512537002563477	259		
Q5F9W4	Erm42-NCBIFAM	Erm42-NCBIFAM	AMR	HMM	4.988032690357395e-16	55.678985595703125	259		
Q5F9W4	Erm43-NCBIFAM	Erm43-NCBIFAM	AMR	HMM	2.118683648330738e-19	66.87451171875	259		
Q5F9W4	Erm45-NCBIFAM	Erm45-NCBIFAM	AMR	HMM	3.366208595269418e-20	69.7833480834961	259		
Q5F9W4	Erm46-NCBIFAM	Erm46-NCBIFAM	AMR	HMM	6.50802400874769e-18	61.81502151489258	259		
Q5F9W4	Erm55-NCBIFAM	Erm55-NCBIFAM	AMR	HMM	1.5464133041048157e-19	66.92220306396484	259		
Q5F9W4	ErmO-NCBIFAM	ErmO-NCBIFAM	AMR	HMM	6.091525915855247e-13	45.662872314453125	259		
Q5F9W4	ErmS-NCBIFAM	ErmS-NCBIFAM	AMR	HMM	1.1806933993255263e-12	44.66671371459961	259		
Q5F9W4	ErmV-NCBIFAM	ErmV-NCBIFAM	AMR	HMM	2.8161564235240614e-10	36.85207748413086	259		
tr|Q5F680|Q5F680_NEIG1	FexA-NCBIFAM	FexA-NCBIFAM	AMR	HMM	1.515893427052735e-28	96.51313781738281	507		
tr|Q5F886|Q5F886_NEIG1	FexA-NCBIFAM	FexA-NCBIFAM	AMR	HMM	9.369354093607842e-20	67.52584075927734	468		
tr|Q5F7X9|Q5F7X9_NEIG1	FexA-NCBIFAM	FexA-NCBIFAM	AMR	HMM	1.3932819299734502e-08	30.686559677124023	460		
tr|Q5F680|Q5F680_NEIG1	FexB-NCBIFAM	FexB-NCBIFAM	AMR	HMM	4.193798458485621e-25	85.32345581054688	507		
tr|Q5F886|Q5F886_NEIG1	FexB-NCBIFAM	FexB-NCBIFAM	AMR	HMM	8.557377949801962e-11	38.14305114746094	468		
tr|Q5F7X9|Q5F7X9_NEIG1	FexB-NCBIFAM	FexB-NCBIFAM	AMR	HMM	2.5251131922642232e-06	23.4052791595459	460		
tr|Q5F886|Q5F886_NEIG1	FloR-NCBIFAM	FloR-NCBIFAM	AMR	HMM	4.730354148989467e-06	22.960079193115234	468		
tr|Q5FA56|Q5FA56_NEIG1	HK_VanS_ACDEFG-NCBIFAM	HK_VanS_ACDEFG-NCBIFAM	AMR	HMM	6.170784137690624e-36	120.86740112304688	468		
tr|Q5FAB5|Q5FAB5_NEIG1	HK_VanS_ACDEFG-NCBIFAM	HK_VanS_ACDEFG-NCBIFAM	AMR	HMM	5.330984552785895e-21	71.83893585205078	416		
tr|Q5F5Q0|Q5F5Q0_NEIG1	HK_VanS_ACDEFG-NCBIFAM	HK_VanS_ACDEFG-NCBIFAM	AMR	HMM	1.527172188485791e-14	50.64377975463867	706		
tr|Q5FA56|Q5FA56_NEIG1	HK_VanS_B-NCBIFAM	HK_VanS_B-NCBIFAM	AMR	HMM	3.0245306695247807e-21	72.78482818603516	468		
tr|Q5F5Q0|Q5F5Q0_NEIG1	HK_VanS_B-NCBIFAM	HK_VanS_B-NCBIFAM	AMR	HMM	3.3794959602665697e-09	33.07683181762695	706		
tr|Q5FAB5|Q5FAB5_NEIG1	HK_VanS_B-NCBIFAM	HK_VanS_B-NCBIFAM	AMR	HMM	9.004904390691095e-07	25.082538604736328	416		
tr|Q5FA56|Q5FA56_NEIG1	HK_VanS_O-NCBIFAM	HK_VanS_O-NCBIFAM	AMR	HMM	1.7123560199247078e-19	67.16873168945312	468		
tr|Q5FAB5|Q5FAB5_NEIG1	HK_VanS_O-NCBIFAM	HK_VanS_O-NCBIFAM	AMR	HMM	2.8358377416199702e-09	33.564552307128906	416		
tr|Q5F5Q0|Q5F5Q0_NEIG1	HK_VanS_O-NCBIFAM	HK_VanS_O-NCBIFAM	AMR	HMM	6.626000300788414e-08	29.06418228149414	706		
tr|Q5F9J8|Q5F9J8_NEIG1	MATE_multi_NorM-NCBIFAM	MATE_multi_NorM-NCBIFAM	AMR	HMM	0.0	1063.4554443359375	459		
tr|Q5F6K9|Q5F6K9_NEIG1	MECA1_pure-NCBIFAM	MECA1_pure-NCBIFAM	AMR	HMM	5.389906519944517e-10	34.889339447021484	582		
tr|Q5F6K9|Q5F6K9_NEIG1	MECA2_pure-NCBIFAM	MECA2_pure-NCBIFAM	AMR	HMM	5.8005850826456004e-08	28.23781967163086	582		
tr|Q5F6K9|Q5F6K9_NEIG1	MECA_PBP2A-NCBIFAM	MECA_PBP2A-NCBIFAM	AMR	HMM	1.4586927805053776e-14	50.11668395996094	582		
tr|Q5F6K9|Q5F6K9_NEIG1	MECA_pure-NCBIFAM	MECA_pure-NCBIFAM	AMR	HMM	1.0398093201131017e-09	34.306278228759766	582		
tr|Q5F6K9|Q5F6K9_NEIG1	MECB_PBP-NCBIFAM	MECB_PBP-NCBIFAM	AMR	HMM	4.4247645016783443e-13	45.3355827331543	582		
tr|Q5F6K9|Q5F6K9_NEIG1	MECC_PBP-NCBIFAM	MECC_PBP-NCBIFAM	AMR	HMM	8.804287721791805e-12	40.89285659790039	582		
tr|Q5F6K9|Q5F6K9_NEIG1	MECD_PBP-NCBIFAM	MECD_PBP-NCBIFAM	AMR	HMM	3.288068426130731e-14	48.973052978515625	582		
tr|Q5F680|Q5F680_NEIG1	MFS_efflux_PexA-NCBIFAM	MFS_efflux_PexA-NCBIFAM	AMR	HMM	9.8977543855928e-06	21.88147735595703	507		
tr|Q5F680|Q5F680_NEIG1	MFS_efflux_tcmA-NCBIFAM	MFS_efflux_tcmA-NCBIFAM	AMR	HMM	9.199830301689436e-29	97.40487670898438	507		
tr|Q5F886|Q5F886_NEIG1	MFS_efflux_tcmA-NCBIFAM	MFS_efflux_tcmA-NCBIFAM	AMR	HMM	2.8787763828421243e-21	72.66737365722656	468		
tr|Q5F876|Q5F876_NEIG1	MerA-TIGRFAMs	MerA-TIGRFAMs	AMR	HMM	7.422633972388329e-95	315.4869689941406	477		
tr|Q5F942|Q5F942_NEIG1	MerA-TIGRFAMs	MerA-TIGRFAMs	AMR	HMM	3.972920433326281e-91	303.1939697265625	594		
tr|Q5F866|Q5F866_NEIG1	MerA-TIGRFAMs	MerA-TIGRFAMs	AMR	HMM	1.6023573939661838e-75	251.74229431152344	467		
tr|Q5F926|Q5F926_NEIG1	MerA-TIGRFAMs	MerA-TIGRFAMs	AMR	HMM	5.309849604968634e-18	62.09834671020508	316		
tr|Q5F964|Q5F964_NEIG1	MerP-TIGRFAMs	MerP-TIGRFAMs	AMR	HMM	1.3218431100180754e-16	57.7833251953125	124		
tr|Q5F927|Q5F927_NEIG1	MerP-TIGRFAMs	MerP-TIGRFAMs	AMR	HMM	2.1649213909334874e-12	44.27595138549805	725		
tr|Q5F8S5|Q5F8S5_NEIG1	MerP-TIGRFAMs	MerP-TIGRFAMs	AMR	HMM	2.2964773768784405e-06	24.962890625	818		
tr|Q5F8B6|Q5F8B6_NEIG1	MsrSA-NCBIFAM	MsrSA-NCBIFAM	AMR	HMM	3.2502381383036714e-43	144.77627563476562	636		
tr|Q5F8K8|Q5F8K8_NEIG1	MsrSA-NCBIFAM	MsrSA-NCBIFAM	AMR	HMM	1.0479365930695438e-41	139.8013916015625	542		
tr|Q5F8J2|Q5F8J2_NEIG1	MsrSA-NCBIFAM	MsrSA-NCBIFAM	AMR	HMM	7.672731358978929e-40	133.65174865722656	640		
tr|Q5F6I5|Q5F6I5_NEIG1	MsrSA-NCBIFAM	MsrSA-NCBIFAM	AMR	HMM	1.5578129524456076e-37	126.04122161865234	558		
tr|Q5FA40|Q5FA40_NEIG1	MsrSA-NCBIFAM	MsrSA-NCBIFAM	AMR	HMM	1.9997549298778618e-10	36.635440826416016	374		
Q5F4X8	MsrSA-NCBIFAM	MsrSA-NCBIFAM	AMR	HMM	1.0390234892758228e-09	34.275177001953125	622		
tr|Q5F590|Q5F590_NEIG1	MsrSA-NCBIFAM	MsrSA-NCBIFAM	AMR	HMM	1.1363216857725824e-09	34.1469612121582	313		
tr|Q5F634|Q5F634_NEIG1	MsrSA-NCBIFAM	MsrSA-NCBIFAM	AMR	HMM	2.05005169674401e-09	33.30178451538086	618		
tr|Q5F9W7|Q5F9W7_NEIG1	MsrSA-NCBIFAM	MsrSA-NCBIFAM	AMR	HMM	8.011661184148063e-09	31.349462509155273	242		
tr|Q5F503|Q5F503_NEIG1	MsrSA-NCBIFAM	MsrSA-NCBIFAM	AMR	HMM	9.97965556409658e-09	31.034849166870117	266		
tr|Q5F548|Q5F548_NEIG1	MsrSA-NCBIFAM	MsrSA-NCBIFAM	AMR	HMM	1.367944411471958e-08	30.583168029785156	252		
tr|Q5F5K2|Q5F5K2_NEIG1	MsrSA-NCBIFAM	MsrSA-NCBIFAM	AMR	HMM	5.4685639055772274e-08	28.598369598388672	216		
tr|Q5F9F1|Q5F9F1_NEIG1	MsrSA-NCBIFAM	MsrSA-NCBIFAM	AMR	HMM	8.0280868149467e-08	28.048452377319336	358		
tr|Q5F6F4|Q5F6F4_NEIG1	MsrSA-NCBIFAM	MsrSA-NCBIFAM	AMR	HMM	1.4463678192325794e-07	27.205244064331055	244		
tr|Q5F523|Q5F523_NEIG1	MsrSA-NCBIFAM	MsrSA-NCBIFAM	AMR	HMM	1.5797273648243482e-07	27.078916549682617	266		
Q5F8K2	MsrSA-NCBIFAM	MsrSA-NCBIFAM	AMR	HMM	4.257857188819908e-07	25.658735275268555	231		
Q5FA19	MsrSA-NCBIFAM	MsrSA-NCBIFAM	AMR	HMM	5.775109346411654e-07	25.222171783447266	352		
tr|Q5F7H1|Q5F7H1_NEIG1	MsrSA-NCBIFAM	MsrSA-NCBIFAM	AMR	HMM	1.2865663000970594e-06	24.07486343383789	949		
tr|Q5F6Z0|Q5F6Z0_NEIG1	MsrSA-NCBIFAM	MsrSA-NCBIFAM	AMR	HMM	4.415582163152013e-06	22.30855941772461	308		
Q5FAF5	MupA-NCBIFAM	MupA-NCBIFAM	AMR	HMM	1.2001150257598293e-94	314.7514953613281	929		
Q5F5W0	MupA-NCBIFAM	MupA-NCBIFAM	AMR	HMM	3.908984529370009e-37	124.34976196289062	945		
Q5FAJ3	MupA-NCBIFAM	MupA-NCBIFAM	AMR	HMM	1.824664739019984e-19	65.85446166992188	876		
Q5FAF5	MupB-NCBIFAM	MupB-NCBIFAM	AMR	HMM	7.351116307706653e-82	272.5069580078125	929		
Q5F5W0	MupB-NCBIFAM	MupB-NCBIFAM	AMR	HMM	1.2167289116490287e-48	162.53440856933594	945		
Q5FAJ3	MupB-NCBIFAM	MupB-NCBIFAM	AMR	HMM	2.813373375303655e-17	58.70228576660156	876		
Q5F585	MupB-NCBIFAM	MupB-NCBIFAM	AMR	HMM	3.9233898115349835e-06	21.808107376098633	684		
tr|A0A0H4IRX3|A0A0H4IRX3_NEIG1	NshR_TsnR-NCBIFAM	NshR_TsnR-NCBIFAM	AMR	HMM	6.132989672823006e-18	62.05067825317383	250		
tr|Q5F8F7|Q5F8F7_NEIG1	NshR_TsnR-NCBIFAM	NshR_TsnR-NCBIFAM	AMR	HMM	7.158042983980649e-17	58.552024841308594	261		
tr|Q5F724|Q5F724_NEIG1	OqxA_adapt_sub-NCBIFAM	OqxA_adapt_sub-NCBIFAM	AMR	HMM	7.720075360442798e-50	166.8098907470703	412		
tr|Q5F6V5|Q5F6V5_NEIG1	OqxA_adapt_sub-NCBIFAM	OqxA_adapt_sub-NCBIFAM	AMR	HMM	5.567576975362814e-13	45.46996307373047	392		
tr|Q5F679|Q5F679_NEIG1	OqxA_adapt_sub-NCBIFAM	OqxA_adapt_sub-NCBIFAM	AMR	HMM	3.8839849113380975e-08	29.524368286132812	384		
tr|Q5F5K0|Q5F5K0_NEIG1	PRK10026.1-PRK	PRK10026.1-PRK	AMR	HMM	5.307173648588683e-20	69.00128936767578	117		
tr|Q5F907|Q5F907_NEIG1	PRK13752.1-PRK	PRK13752.1-PRK	AMR	HMM	3.875941299888112e-08	30.367441177368164	135		
tr|Q5F724|Q5F724_NEIG1	RND-peri-MexE-NCBIFAM	RND-peri-MexE-NCBIFAM	AMR	HMM	6.558208012733081e-54	180.1497802734375	412		
tr|Q5F6V5|Q5F6V5_NEIG1	RND-peri-MexE-NCBIFAM	RND-peri-MexE-NCBIFAM	AMR	HMM	8.829961987043935e-19	64.49483489990234	392		
tr|Q5F679|Q5F679_NEIG1	RND-peri-MexE-NCBIFAM	RND-peri-MexE-NCBIFAM	AMR	HMM	2.4773365253123074e-10	36.68159866333008	384		
tr|Q5F724|Q5F724_NEIG1	RND_adapt_MexA-NCBIFAM	RND_adapt_MexA-NCBIFAM	AMR	HMM	3.107319977752351e-90	299.8259582519531	412		
tr|Q5F6V5|Q5F6V5_NEIG1	RND_adapt_MexA-NCBIFAM	RND_adapt_MexA-NCBIFAM	AMR	HMM	1.6040435043632134e-12	44.09086608886719	392		
tr|Q5F679|Q5F679_NEIG1	RND_adapt_MexA-NCBIFAM	RND_adapt_MexA-NCBIFAM	AMR	HMM	2.7056501913878593e-07	26.88982582092285	384		
tr|Q5F725|Q5F725_NEIG1	RND_perm_OqxB-NCBIFAM	RND_perm_OqxB-NCBIFAM	AMR	HMM	7.056633635369186e-240	795.6652221679688	1067		
tr|Q5FA34|Q5FA34_NEIG1	RPH_KJ151292.1-NCBIFAM	RPH_KJ151292.1-NCBIFAM	AMR	HMM	1.3607004821571372e-71	238.76336669921875	794		
tr|Q5F596|Q5F596_NEIG1	SMB1_fam-NCBIFAM	SMB1_fam-NCBIFAM	AMR	HMM	5.86065853273198e-07	25.995458602905273	210		
tr|Q5F745|Q5F745_NEIG1	Sul1-NCBIFAM	Sul1-NCBIFAM	AMR	HMM	3.6090987683503276e-25	86.1182632446289	284		
tr|Q5F745|Q5F745_NEIG1	Sul2-NCBIFAM	Sul2-NCBIFAM	AMR	HMM	3.6913629337807944e-38	128.72848510742188	284		
tr|Q5F745|Q5F745_NEIG1	Sul3-NCBIFAM	Sul3-NCBIFAM	AMR	HMM	1.3670507276255497e-40	136.4877166748047	284		
tr|Q5F745|Q5F745_NEIG1	Sul4-NCBIFAM	Sul4-NCBIFAM	AMR	HMM	6.072614018668259e-48	160.6205596923828	284		
Q5F6M0	VanC1_ser_lig-NCBIFAM	VanC1_ser_lig-NCBIFAM	AMR	HMM	6.10441585007425e-39	130.7321014404297	304		
tr|Q5F514|Q5F514_NEIG1	Vat_ABCDEFH-NCBIFAM	Vat_ABCDEFH-NCBIFAM	AMR	HMM	1.1966107169671994e-15	54.51890182495117	171		
tr|Q5F6X0|Q5F6X0_NEIG1	Vat_ABCDEFH-NCBIFAM	Vat_ABCDEFH-NCBIFAM	AMR	HMM	9.643883504886126e-09	31.971982955932617	272		
Q5F5W3	Vat_ABCDEFH-NCBIFAM	Vat_ABCDEFH-NCBIFAM	AMR	HMM	3.9872911401516786e-07	26.694854736328125	258		
Q5F577	Vat_ABCDEFH-NCBIFAM	Vat_ABCDEFH-NCBIFAM	AMR	HMM	6.474847820541241e-07	26.007469177246094	456		
tr|Q5F550|Q5F550_NEIG1	YadA_autotrans-NCBIFAM	YadA_autotrans-NCBIFAM	AMR	HMM	8.986176275244116e-22	74.5191650390625	435		
tr|Q5F6V0|Q5F6V0_NEIG1	YadA_autotrans-NCBIFAM	YadA_autotrans-NCBIFAM	AMR	HMM	4.555856554604562e-09	32.63691711425781	222		
tr|Q5F6U9|Q5F6U9_NEIG1	YadA_autotrans-NCBIFAM	YadA_autotrans-NCBIFAM	AMR	HMM	4.9223572234481815e-08	29.229625701904297	161		
tr|Q5F514|Q5F514_NEIG1	amicyc_ac_ApmA-NCBIFAM	amicyc_ac_ApmA-NCBIFAM	AMR	HMM	1.061381866495113e-07	28.79054832458496	171		
tr|Q5F6X0|Q5F6X0_NEIG1	amicyc_ac_ApmA-NCBIFAM	amicyc_ac_ApmA-NCBIFAM	AMR	HMM	1.7485903007259503e-06	24.799631118774414	272		
tr|Q5F9L6|Q5F9L6_NEIG1	arsB_Sta_pI258-NCBIFAM	arsB_Sta_pI258-NCBIFAM	AMR	HMM	1.155138064727505e-06	24.89265251159668	471		
tr|Q5F9W1|Q5F9W1_NEIG1	blaAHM-NCBIFAM	blaAHM-NCBIFAM	AMR	HMM	6.185945825089764e-11	38.6058235168457	759		
tr|Q5F596|Q5F596_NEIG1	blaAIM-NCBIFAM	blaAIM-NCBIFAM	AMR	HMM	1.5313851668560948e-07	28.136343002319336	210		
tr|Q5F596|Q5F596_NEIG1	blaBJP-NCBIFAM	blaBJP-NCBIFAM	AMR	HMM	3.6195110359627645e-06	22.84587860107422	210		
tr|Q5F596|Q5F596_NEIG1	blaL1-NCBIFAM	blaL1-NCBIFAM	AMR	HMM	5.135160440512711e-08	29.056119918823242	210		
tr|Q5F596|Q5F596_NEIG1	blaPAM-NCBIFAM	blaPAM-NCBIFAM	AMR	HMM	3.6272253202084133e-07	26.4449462890625	210		
tr|Q5F596|Q5F596_NEIG1	blaPJM-NCBIFAM	blaPJM-NCBIFAM	AMR	HMM	1.312154522020924e-06	25.074613571166992	210		
tr|Q5F9R4|Q5F9R4_NEIG1	bla_class_A-NCBIFAM	bla_class_A-NCBIFAM	AMR	HMM	1.0262698735167829e-07	28.256183624267578	312		
tr|Q5F596|Q5F596_NEIG1	bla_class_B_core-NCBIFAM	bla_class_B_core-NCBIFAM	AMR	HMM	3.2259812001900783e-13	46.941375732421875	210		
Q5F7J0	bla_class_B_core-NCBIFAM	bla_class_B_core-NCBIFAM	AMR	HMM	2.4069776079432764e-06	24.674585342407227	250		
tr|Q5F596|Q5F596_NEIG1	bla_subclass_B1-NCBIFAM	bla_subclass_B1-NCBIFAM	AMR	HMM	1.5304777306272224e-07	28.14171028137207	210		
tr|Q5F596|Q5F596_NEIG1	bla_subclass_B3-NCBIFAM	bla_subclass_B3-NCBIFAM	AMR	HMM	5.414400027422989e-13	45.69485092163086	210		
tr|Q5F964|Q5F964_NEIG1	chaper_CopP-NCBIFAM	chaper_CopP-NCBIFAM	AMR	HMM	2.658142430997843e-11	40.4246940612793	124		
tr|Q5F927|Q5F927_NEIG1	chaper_CopP-NCBIFAM	chaper_CopP-NCBIFAM	AMR	HMM	4.4090656120991824e-08	30.111433029174805	725		
tr|Q5F514|Q5F514_NEIG1	chloram_CatB-NCBIFAM	chloram_CatB-NCBIFAM	AMR	HMM	1.285245040971158e-14	50.92426681518555	171		
tr|Q5F6X0|Q5F6X0_NEIG1	chloram_CatB-NCBIFAM	chloram_CatB-NCBIFAM	AMR	HMM	2.383278173686589e-07	27.17939567565918	272		
Q5F5W3	chloram_CatB-NCBIFAM	chloram_CatB-NCBIFAM	AMR	HMM	1.7654127888064233e-06	24.338214874267578	258		
tr|Q5F7X9|Q5F7X9_NEIG1	cmlA_floR-NCBIFAM	cmlA_floR-NCBIFAM	AMR	HMM	8.011412903963969e-12	42.13462448120117	460		
tr|Q5F886|Q5F886_NEIG1	cmlA_floR-NCBIFAM	cmlA_floR-NCBIFAM	AMR	HMM	9.737354093972143e-11	38.56369400024414	468		
tr|A0A0H4ISM8|A0A0H4ISM8_NEIG1	cml_V_MFS-NCBIFAM	cml_V_MFS-NCBIFAM	AMR	HMM	2.3567231716018383e-22	76.32222747802734	246		
tr|A0A0H4ISM8|A0A0H4ISM8_NEIG1	cmx_cmrA-NCBIFAM	cmx_cmrA-NCBIFAM	AMR	HMM	4.509354581358247e-36	121.56571197509766	246		
tr|Q5F886|Q5F886_NEIG1	cmx_cmrA-NCBIFAM	cmx_cmrA-NCBIFAM	AMR	HMM	5.5139741307154845e-06	22.54948616027832	468		
tr|Q5F907|Q5F907_NEIG1	coreg_MerD-NCBIFAM	coreg_MerD-NCBIFAM	AMR	HMM	2.3153660531625874e-06	24.94394302368164	135		
tr|Q5F8I4|Q5F8I4_NEIG1	efflux_ABUW_0982-NCBIFAM	efflux_ABUW_0982-NCBIFAM	AMR	HMM	4.062326379879279e-68	226.98782348632812	356		
tr|A0A0H4ISM8|A0A0H4ISM8_NEIG1	efflux_Cmx-NCBIFAM	efflux_Cmx-NCBIFAM	AMR	HMM	1.6718642102218263e-14	50.687591552734375	246		
tr|Q5F726|Q5F726_NEIG1	efflux_OM_AdeC-NCBIFAM	efflux_OM_AdeC-NCBIFAM	AMR	HMM	1.0330570318458785e-97	324.5281066894531	467		
Q5F9W4	erm_38_23S_MT-NCBIFAM	erm_38_23S_MT-NCBIFAM	AMR	HMM	1.3954791460845357e-19	67.13784790039062	259		
Q5F9W4	erm_A_23S_MT-NCBIFAM	erm_A_23S_MT-NCBIFAM	AMR	HMM	8.665200648720555e-21	71.40618896484375	259		
Q5F9W4	erm_B_23S_MT-NCBIFAM	erm_B_23S_MT-NCBIFAM	AMR	HMM	8.7477865272185e-19	64.87774658203125	259		
tr|Q5FAJ5|Q5FAJ5_NEIG1	erm_B_23S_MT-NCBIFAM	erm_B_23S_MT-NCBIFAM	AMR	HMM	1.0300551215589192e-06	25.34425163269043	218		
Q5F9W4	erm_C_23S_MT-NCBIFAM	erm_C_23S_MT-NCBIFAM	AMR	HMM	2.6937332206572064e-22	76.4187240600586	259		
Q5F9W4	erm_F_23S_MT-NCBIFAM	erm_F_23S_MT-NCBIFAM	AMR	HMM	2.7241429212258394e-15	53.26405715942383	259		
Q5F9W4	erm_G_23S_MT-NCBIFAM	erm_G_23S_MT-NCBIFAM	AMR	HMM	1.0841915958433297e-17	61.526302337646484	259		
Q5F9W4	erm_SHROVE-NCBIFAM	erm_SHROVE-NCBIFAM	AMR	HMM	1.508206584625875e-24	83.54370880126953	259		
tr|Q5FAJ5|Q5FAJ5_NEIG1	erm_SHROVE-NCBIFAM	erm_SHROVE-NCBIFAM	AMR	HMM	3.2768229085749987e-07	26.75864601135254	218		
Q5F641	estX-NCBIFAM	estX-NCBIFAM	AMR	HMM	8.329788619956248e-10	35.10612106323242	249		
tr|Q5F847|Q5F847_NEIG1	esterase_mleBCA-NCBIFAM	esterase_mleBCA-NCBIFAM	AMR	HMM	1.0252260129494365e-07	28.264863967895508	310		
Q5F641	esterase_mleBCA-NCBIFAM	esterase_mleBCA-NCBIFAM	AMR	HMM	1.600860853277008e-07	27.629884719848633	249		
tr|Q5F847|Q5F847_NEIG1	esterase_mleBRB-NCBIFAM	esterase_mleBRB-NCBIFAM	AMR	HMM	6.7079042282282585e-09	32.58946990966797	310		
Q5F641	esterase_mleBRB-NCBIFAM	esterase_mleBRB-NCBIFAM	AMR	HMM	1.1170975470056803e-07	28.581636428833008	249		
Q5F641	esterase_mleCBF-NCBIFAM	esterase_mleCBF-NCBIFAM	AMR	HMM	1.0410954399372677e-09	35.036964416503906	249		
tr|Q5F847|Q5F847_NEIG1	esterase_mleCBF-NCBIFAM	esterase_mleCBF-NCBIFAM	AMR	HMM	5.988442435738311e-07	25.983871459960938	310		
tr|Q5F7W9|Q5F7W9_NEIG1	heat_AAA_ClpK-NCBIFAM	heat_AAA_ClpK-NCBIFAM	AMR	HMM	1.7076638050028264e-244	810.7215576171875	859		
tr|Q5F9I6|Q5F9I6_NEIG1	heat_AAA_ClpK-NCBIFAM	heat_AAA_ClpK-NCBIFAM	AMR	HMM	5.92773411988957e-162	537.5458984375	763		
Q5F641	mac_hydro_EstT-NCBIFAM	mac_hydro_EstT-NCBIFAM	AMR	HMM	1.1738781287866956e-09	34.670753479003906	249		
Q5F641	macro_16_ester-NCBIFAM	macro_16_ester-NCBIFAM	AMR	HMM	8.772539364270515e-13	45.10012435913086	249		
tr|Q5F847|Q5F847_NEIG1	macro_16_ester-NCBIFAM	macro_16_ester-NCBIFAM	AMR	HMM	3.7894774483233695e-09	33.17315673828125	310		
tr|Q5F8N1|Q5F8N1_NEIG1	motor_HelR-NCBIFAM	motor_HelR-NCBIFAM	AMR	HMM	1.4554341791886155e-07	26.98755645751953	671		
tr|Q5F609|Q5F609_NEIG1	motor_HelR-NCBIFAM	motor_HelR-NCBIFAM	AMR	HMM	3.0254740989738663e-06	22.631677627563477	735		
tr|A0A0H4IRX3|A0A0H4IRX3_NEIG1	nosihep_NshR-NCBIFAM	nosihep_NshR-NCBIFAM	AMR	HMM	1.4774734910252111e-13	47.755558013916016	250		
tr|Q5F8F7|Q5F8F7_NEIG1	nosihep_NshR-NCBIFAM	nosihep_NshR-NCBIFAM	AMR	HMM	6.395533654190283e-13	45.668521881103516	261		
tr|Q5F6L5|Q5F6L5_NEIG1	phenyl_MerG-NCBIFAM	phenyl_MerG-NCBIFAM	AMR	HMM	5.840928087464153e-17	59.235260009765625	126		
tr|A0A0H4IW93|A0A0H4IW93_NEIG1	poly_MCR3_broad-NCBIFAM	poly_MCR3_broad-NCBIFAM	AMR	HMM	2.3569973609591874e-133	442.409912109375	472		
tr|Q5F7H9|Q5F7H9_NEIG1	poly_MCR3_broad-NCBIFAM	poly_MCR3_broad-NCBIFAM	AMR	HMM	6.5344181805500945e-06	21.840654373168945	524		
tr|A0A0H4IW93|A0A0H4IW93_NEIG1	polymyxin_MCR1-NCBIFAM	polymyxin_MCR1-NCBIFAM	AMR	HMM	9.654744322261626e-93	308.6968994140625	472		
tr|A0A0H4IW93|A0A0H4IW93_NEIG1	polymyxin_MCR10-NCBIFAM	polymyxin_MCR10-NCBIFAM	AMR	HMM	8.4927029581456e-123	407.6936950683594	472		
tr|Q5F7H9|Q5F7H9_NEIG1	polymyxin_MCR10-NCBIFAM	polymyxin_MCR10-NCBIFAM	AMR	HMM	3.565646908052656e-08	29.397878646850586	524		
tr|Q5F6L1|Q5F6L1_NEIG1	polymyxin_MCR10-NCBIFAM	polymyxin_MCR10-NCBIFAM	AMR	HMM	5.316716095142118e-07	25.524906158447266	548		
tr|A0A0H4IW93|A0A0H4IW93_NEIG1	polymyxin_MCR12-NCBIFAM	polymyxin_MCR12-NCBIFAM	AMR	HMM	1.7726365211547084e-110	366.7738342285156	472		
tr|Q5F7H9|Q5F7H9_NEIG1	polymyxin_MCR12-NCBIFAM	polymyxin_MCR12-NCBIFAM	AMR	HMM	1.0331048204872012e-11	40.75740432739258	524		
tr|A0A0H4IW93|A0A0H4IW93_NEIG1	polymyxin_MCR2-NCBIFAM	polymyxin_MCR2-NCBIFAM	AMR	HMM	4.5336062048209395e-95	316.27239990234375	472		
tr|Q5F7H9|Q5F7H9_NEIG1	polymyxin_MCR2-NCBIFAM	polymyxin_MCR2-NCBIFAM	AMR	HMM	3.842572664889533e-07	26.079025268554688	524		
tr|A0A0H4IW93|A0A0H4IW93_NEIG1	polymyxin_MCR3-NCBIFAM	polymyxin_MCR3-NCBIFAM	AMR	HMM	3.9143719893074384e-128	425.2008056640625	472		
tr|A0A0H4IW93|A0A0H4IW93_NEIG1	polymyxin_MCR4-NCBIFAM	polymyxin_MCR4-NCBIFAM	AMR	HMM	8.048612135748651e-118	391.32073974609375	472		
tr|Q5F6L1|Q5F6L1_NEIG1	polymyxin_MCR4-NCBIFAM	polymyxin_MCR4-NCBIFAM	AMR	HMM	2.746593761856665e-07	26.533870697021484	548		
tr|A0A0H4IW93|A0A0H4IW93_NEIG1	polymyxin_MCR5-NCBIFAM	polymyxin_MCR5-NCBIFAM	AMR	HMM	8.966058135331147e-109	361.42236328125	472		
tr|Q5F7H9|Q5F7H9_NEIG1	polymyxin_MCR5-NCBIFAM	polymyxin_MCR5-NCBIFAM	AMR	HMM	1.7407867791190974e-07	27.11252212524414	524		
tr|A0A0H4IW93|A0A0H4IW93_NEIG1	polymyxin_MCR6-NCBIFAM	polymyxin_MCR6-NCBIFAM	AMR	HMM	1.760685178964085e-92	307.7419128417969	472		
tr|Q5F7H9|Q5F7H9_NEIG1	polymyxin_MCR6-NCBIFAM	polymyxin_MCR6-NCBIFAM	AMR	HMM	4.40693399070304e-07	25.905590057373047	524		
tr|A0A0H4IW93|A0A0H4IW93_NEIG1	polymyxin_MCR7-NCBIFAM	polymyxin_MCR7-NCBIFAM	AMR	HMM	7.019627338931854e-124	411.14990234375	472		
tr|Q5F7H9|Q5F7H9_NEIG1	polymyxin_MCR7-NCBIFAM	polymyxin_MCR7-NCBIFAM	AMR	HMM	8.846290953365107e-07	24.68905258178711	524		
tr|A0A0H4IW93|A0A0H4IW93_NEIG1	polymyxin_MCR8-NCBIFAM	polymyxin_MCR8-NCBIFAM	AMR	HMM	4.8211982471379457e-122	405.5761413574219	472		
tr|Q5F7H9|Q5F7H9_NEIG1	polymyxin_MCR8-NCBIFAM	polymyxin_MCR8-NCBIFAM	AMR	HMM	1.0956168728061339e-15	54.4672966003418	524		
tr|Q5F6L1|Q5F6L1_NEIG1	polymyxin_MCR8-NCBIFAM	polymyxin_MCR8-NCBIFAM	AMR	HMM	1.3685303173790607e-06	24.43720817565918	548		
tr|A0A0H4IW93|A0A0H4IW93_NEIG1	polymyxin_MCR9-NCBIFAM	polymyxin_MCR9-NCBIFAM	AMR	HMM	4.918074696602436e-124	411.77301025390625	472		
tr|Q5F7H9|Q5F7H9_NEIG1	polymyxin_MCR9-NCBIFAM	polymyxin_MCR9-NCBIFAM	AMR	HMM	1.250354847498039e-07	27.57898712158203	524		
tr|Q5F886|Q5F886_NEIG1	qac_MFS_AB-NCBIFAM	qac_MFS_AB-NCBIFAM	AMR	HMM	1.7345040699820377e-22	76.71981811523438	468		
tr|Q5F680|Q5F680_NEIG1	qac_MFS_AB-NCBIFAM	qac_MFS_AB-NCBIFAM	AMR	HMM	6.68955594049661e-19	64.88794708251953	507		
tr|Q5F680|Q5F680_NEIG1	qepA-NCBIFAM	qepA-NCBIFAM	AMR	HMM	3.1835641006207845e-20	69.09564208984375	507		
tr|Q5F886|Q5F886_NEIG1	qepA-NCBIFAM	qepA-NCBIFAM	AMR	HMM	1.0336050931160163e-16	57.51032638549805	468		
tr|Q5F7X9|Q5F7X9_NEIG1	qepA-NCBIFAM	qepA-NCBIFAM	AMR	HMM	7.203526293932189e-10	34.932552337646484	460		
tr|Q5FAI7|Q5FAI7_NEIG1	resist_ArsN1a-NCBIFAM	resist_ArsN1a-NCBIFAM	AMR	HMM	1.3508103472527936e-06	25.0919246673584	146		
tr|Q5FAK7|Q5FAK7_NEIG1	resist_ArsN2-NCBIFAM	resist_ArsN2-NCBIFAM	AMR	HMM	1.2641656481140748e-12	44.425010681152344	436		
tr|Q5F5J6|Q5F5J6_NEIG1	resist_ArsN2-NCBIFAM	resist_ArsN2-NCBIFAM	AMR	HMM	5.240686304512788e-10	35.953521728515625	163		
tr|Q5F684|Q5F684_NEIG1	rif_mono_Iri-NCBIFAM	rif_mono_Iri-NCBIFAM	AMR	HMM	6.089725849796342e-09	32.246849060058594	394		
tr|Q5F684|Q5F684_NEIG1	rif_monoox-NCBIFAM	rif_monoox-NCBIFAM	AMR	HMM	2.3767869961907598e-15	53.243263244628906	394		
tr|Q5F5J6|Q5F5J6_NEIG1	stat-NCBIFAM	stat-NCBIFAM	AMR	HMM	6.361431621710658e-07	25.976606369018555	163		
tr|Q5F514|Q5F514_NEIG1	stregram_VatA-NCBIFAM	stregram_VatA-NCBIFAM	AMR	HMM	1.0640450834397573e-13	48.27104949951172	171		
tr|Q5F514|Q5F514_NEIG1	stregram_VatC-NCBIFAM	stregram_VatC-NCBIFAM	AMR	HMM	8.268790768985259e-13	45.60716247558594	171		
tr|Q5F514|Q5F514_NEIG1	stregram_VatD-NCBIFAM	stregram_VatD-NCBIFAM	AMR	HMM	2.207570170236691e-13	47.34493637084961	171		
Q5F5W3	stregram_VatD-NCBIFAM	stregram_VatD-NCBIFAM	AMR	HMM	2.368366743046378e-06	24.373863220214844	258		
tr|Q5F514|Q5F514_NEIG1	stregram_VatE-NCBIFAM	stregram_VatE-NCBIFAM	AMR	HMM	3.8102624603872297e-13	46.40449523925781	171		
tr|Q5F6X0|Q5F6X0_NEIG1	stregram_VatE-NCBIFAM	stregram_VatE-NCBIFAM	AMR	HMM	2.6446932587290567e-06	24.04656219482422	272		
tr|Q5F514|Q5F514_NEIG1	stregram_VatF-NCBIFAM	stregram_VatF-NCBIFAM	AMR	HMM	3.150651975706372e-13	46.568321228027344	171		
tr|Q5F514|Q5F514_NEIG1	stregram_VatH-NCBIFAM	stregram_VatH-NCBIFAM	AMR	HMM	5.823154921176429e-10	36.29365158081055	171		
tr|Q5F6X0|Q5F6X0_NEIG1	stregram_VatH-NCBIFAM	stregram_VatH-NCBIFAM	AMR	HMM	1.8950166688233596e-07	28.082304000854492	272		
tr|Q5F514|Q5F514_NEIG1	stregram_VatI-NCBIFAM	stregram_VatI-NCBIFAM	AMR	HMM	9.222614462934749e-15	51.84543991088867	171		
tr|Q5F6X0|Q5F6X0_NEIG1	stregram_VatI-NCBIFAM	stregram_VatI-NCBIFAM	AMR	HMM	1.1035944069796715e-08	31.989011764526367	272		
Q5F5W3	stregram_VatI-NCBIFAM	stregram_VatI-NCBIFAM	AMR	HMM	2.499934604976388e-06	24.29493522644043	258		
Q5F4X8	tet_ABC_46_A-NCBIFAM	tet_ABC_46_A-NCBIFAM	AMR	HMM	1.0152939326977316e-52	176.3142547607422	622		
tr|Q5F634|Q5F634_NEIG1	tet_ABC_46_A-NCBIFAM	tet_ABC_46_A-NCBIFAM	AMR	HMM	5.809510839231794e-51	170.51107788085938	618		
Q5FA19	tet_ABC_46_A-NCBIFAM	tet_ABC_46_A-NCBIFAM	AMR	HMM	1.0697666863538224e-20	70.57978820800781	352		
tr|Q5F9L9|Q5F9L9_NEIG1	tet_ABC_46_A-NCBIFAM	tet_ABC_46_A-NCBIFAM	AMR	HMM	1.2397637637800755e-19	67.06644439697266	251		
tr|Q5F9F1|Q5F9F1_NEIG1	tet_ABC_46_A-NCBIFAM	tet_ABC_46_A-NCBIFAM	AMR	HMM	2.370684040905639e-19	66.13685607910156	358		
tr|Q5F5B6|Q5F5B6_NEIG1	tet_ABC_46_A-NCBIFAM	tet_ABC_46_A-NCBIFAM	AMR	HMM	9.154391334708852e-19	64.19947052001953	243		
tr|Q5F9W7|Q5F9W7_NEIG1	tet_ABC_46_A-NCBIFAM	tet_ABC_46_A-NCBIFAM	AMR	HMM	4.048614925959192e-18	62.067535400390625	242		
tr|Q5F503|Q5F503_NEIG1	tet_ABC_46_A-NCBIFAM	tet_ABC_46_A-NCBIFAM	AMR	HMM	1.1628382715146793e-17	60.55458068847656	266		
tr|Q5FA40|Q5FA40_NEIG1	tet_ABC_46_A-NCBIFAM	tet_ABC_46_A-NCBIFAM	AMR	HMM	6.204198780646514e-16	54.85171890258789	374		
Q5F6V6	tet_ABC_46_A-NCBIFAM	tet_ABC_46_A-NCBIFAM	AMR	HMM	1.7191984954059984e-15	53.39018249511719	644		
tr|Q5F8B6|Q5F8B6_NEIG1	tet_ABC_46_A-NCBIFAM	tet_ABC_46_A-NCBIFAM	AMR	HMM	7.644303429622888e-15	51.25053787231445	636		
tr|Q5F523|Q5F523_NEIG1	tet_ABC_46_A-NCBIFAM	tet_ABC_46_A-NCBIFAM	AMR	HMM	2.5525082743312154e-14	49.52158737182617	266		
tr|Q5F590|Q5F590_NEIG1	tet_ABC_46_A-NCBIFAM	tet_ABC_46_A-NCBIFAM	AMR	HMM	6.745442954323778e-14	48.12805938720703	313		
tr|Q5F6I5|Q5F6I5_NEIG1	tet_ABC_46_A-NCBIFAM	tet_ABC_46_A-NCBIFAM	AMR	HMM	2.7802082688080554e-13	46.09719467163086	558		
tr|A0A0H4IVZ5|A0A0H4IVZ5_NEIG1	tet_ABC_46_A-NCBIFAM	tet_ABC_46_A-NCBIFAM	AMR	HMM	6.099943557058356e-13	44.97043991088867	93		
tr|Q5F5K2|Q5F5K2_NEIG1	tet_ABC_46_A-NCBIFAM	tet_ABC_46_A-NCBIFAM	AMR	HMM	4.979552464300586e-12	41.959590911865234	216		
tr|Q5F6Z0|Q5F6Z0_NEIG1	tet_ABC_46_A-NCBIFAM	tet_ABC_46_A-NCBIFAM	AMR	HMM	3.1767275416275646e-11	39.30228805541992	308		
Q5F8K2	tet_ABC_46_A-NCBIFAM	tet_ABC_46_A-NCBIFAM	AMR	HMM	2.2766379750921782e-10	36.4781608581543	231		
tr|Q5F548|Q5F548_NEIG1	tet_ABC_46_A-NCBIFAM	tet_ABC_46_A-NCBIFAM	AMR	HMM	2.978061695829433e-10	36.09303283691406	252		
tr|Q5F8J2|Q5F8J2_NEIG1	tet_ABC_46_A-NCBIFAM	tet_ABC_46_A-NCBIFAM	AMR	HMM	4.1049815769354304e-10	35.63282775878906	640		
tr|Q5FA61|Q5FA61_NEIG1	tet_ABC_46_A-NCBIFAM	tet_ABC_46_A-NCBIFAM	AMR	HMM	2.1096280530633105e-09	33.285552978515625	251		
tr|Q5F7H1|Q5F7H1_NEIG1	tet_ABC_46_A-NCBIFAM	tet_ABC_46_A-NCBIFAM	AMR	HMM	3.2166660933730307e-08	29.37879180908203	949		
tr|Q5F8K8|Q5F8K8_NEIG1	tet_ABC_46_A-NCBIFAM	tet_ABC_46_A-NCBIFAM	AMR	HMM	6.451332469514733e-07	25.07896614074707	542		
tr|Q5F6F4|Q5F6F4_NEIG1	tet_ABC_46_A-NCBIFAM	tet_ABC_46_A-NCBIFAM	AMR	HMM	1.1822881608078172e-06	24.2103328704834	244		
Q5F4X8	tet_ABC_46_B-NCBIFAM	tet_ABC_46_B-NCBIFAM	AMR	HMM	5.431597262286958e-64	213.58145141601562	622		
tr|Q5F634|Q5F634_NEIG1	tet_ABC_46_B-NCBIFAM	tet_ABC_46_B-NCBIFAM	AMR	HMM	4.453215733890691e-63	210.56434631347656	618		
tr|Q5F5K2|Q5F5K2_NEIG1	tet_ABC_46_B-NCBIFAM	tet_ABC_46_B-NCBIFAM	AMR	HMM	1.5672912259580466e-21	73.3817367553711	216		
tr|Q5F8J2|Q5F8J2_NEIG1	tet_ABC_46_B-NCBIFAM	tet_ABC_46_B-NCBIFAM	AMR	HMM	3.5875712433250724e-20	68.89229583740234	640		
tr|Q5F523|Q5F523_NEIG1	tet_ABC_46_B-NCBIFAM	tet_ABC_46_B-NCBIFAM	AMR	HMM	9.223150661767789e-20	67.53825378417969	266		
tr|Q5F590|Q5F590_NEIG1	tet_ABC_46_B-NCBIFAM	tet_ABC_46_B-NCBIFAM	AMR	HMM	3.5461905601886037e-19	65.60702514648438	313		
tr|Q5F9W7|Q5F9W7_NEIG1	tet_ABC_46_B-NCBIFAM	tet_ABC_46_B-NCBIFAM	AMR	HMM	8.431548304165926e-19	64.36502838134766	242		
Q5FA19	tet_ABC_46_B-NCBIFAM	tet_ABC_46_B-NCBIFAM	AMR	HMM	1.3072148703308243e-17	60.43430709838867	352		
tr|Q5F5B6|Q5F5B6_NEIG1	tet_ABC_46_B-NCBIFAM	tet_ABC_46_B-NCBIFAM	AMR	HMM	3.678230831397027e-17	58.95078659057617	243		
tr|Q5F503|Q5F503_NEIG1	tet_ABC_46_B-NCBIFAM	tet_ABC_46_B-NCBIFAM	AMR	HMM	6.55726737562408e-17	58.12173080444336	266		
tr|Q5F9L9|Q5F9L9_NEIG1	tet_ABC_46_B-NCBIFAM	tet_ABC_46_B-NCBIFAM	AMR	HMM	6.499935498837727e-16	54.83241653442383	251		
Q5F8K2	tet_ABC_46_B-NCBIFAM	tet_ABC_46_B-NCBIFAM	AMR	HMM	9.602306257213223e-16	54.27285385131836	231		
tr|Q5F6Z0|Q5F6Z0_NEIG1	tet_ABC_46_B-NCBIFAM	tet_ABC_46_B-NCBIFAM	AMR	HMM	1.11799314240148e-15	54.054718017578125	308		
tr|Q5F6F4|Q5F6F4_NEIG1	tet_ABC_46_B-NCBIFAM	tet_ABC_46_B-NCBIFAM	AMR	HMM	1.4307712882701222e-15	53.70098114013672	244		
tr|Q5F8K8|Q5F8K8_NEIG1	tet_ABC_46_B-NCBIFAM	tet_ABC_46_B-NCBIFAM	AMR	HMM	2.0476853457769306e-15	53.18689727783203	542		
Q5F6V6	tet_ABC_46_B-NCBIFAM	tet_ABC_46_B-NCBIFAM	AMR	HMM	8.532458973493193e-15	51.14033889770508	644		
tr|Q5F6I5|Q5F6I5_NEIG1	tet_ABC_46_B-NCBIFAM	tet_ABC_46_B-NCBIFAM	AMR	HMM	1.840880353108523e-14	50.037662506103516	558		
tr|Q5F8B6|Q5F8B6_NEIG1	tet_ABC_46_B-NCBIFAM	tet_ABC_46_B-NCBIFAM	AMR	HMM	1.946593792480385e-14	49.95759201049805	636		
tr|Q5FA40|Q5FA40_NEIG1	tet_ABC_46_B-NCBIFAM	tet_ABC_46_B-NCBIFAM	AMR	HMM	6.069190462309129e-14	48.326927185058594	374		
tr|Q5F9F1|Q5F9F1_NEIG1	tet_ABC_46_B-NCBIFAM	tet_ABC_46_B-NCBIFAM	AMR	HMM	8.429578104849816e-14	47.85582733154297	358		
tr|A0A0H4IVZ5|A0A0H4IVZ5_NEIG1	tet_ABC_46_B-NCBIFAM	tet_ABC_46_B-NCBIFAM	AMR	HMM	5.797409443345787e-13	45.09071731567383	93		
tr|A0A0H4J5C0|A0A0H4J5C0_NEIG1	tet_ABC_46_B-NCBIFAM	tet_ABC_46_B-NCBIFAM	AMR	HMM	4.618543066110808e-08	28.907175064086914	255		
tr|Q5F548|Q5F548_NEIG1	tet_ABC_46_B-NCBIFAM	tet_ABC_46_B-NCBIFAM	AMR	HMM	1.7803402514752373e-06	23.67035675048828	252		
Q5F4X8	tet_ABC_AB_A-NCBIFAM	tet_ABC_AB_A-NCBIFAM	AMR	HMM	6.365426787089894e-14	48.22492218017578	622		
tr|Q5F8B6|Q5F8B6_NEIG1	tet_ABC_AB_A-NCBIFAM	tet_ABC_AB_A-NCBIFAM	AMR	HMM	1.997182860214217e-12	43.28728485107422	636		
tr|Q5F634|Q5F634_NEIG1	tet_ABC_AB_A-NCBIFAM	tet_ABC_AB_A-NCBIFAM	AMR	HMM	5.250107907596009e-12	41.90242004394531	618		
Q5FA19	tet_ABC_AB_A-NCBIFAM	tet_ABC_AB_A-NCBIFAM	AMR	HMM	3.2351163617134015e-11	39.29692459106445	352		
tr|Q5F9L9|Q5F9L9_NEIG1	tet_ABC_AB_A-NCBIFAM	tet_ABC_AB_A-NCBIFAM	AMR	HMM	5.942578090460428e-11	38.42564010620117	251		
tr|Q5F6I5|Q5F6I5_NEIG1	tet_ABC_AB_A-NCBIFAM	tet_ABC_AB_A-NCBIFAM	AMR	HMM	3.163270703792872e-10	36.02984619140625	558		
tr|Q5F503|Q5F503_NEIG1	tet_ABC_AB_A-NCBIFAM	tet_ABC_AB_A-NCBIFAM	AMR	HMM	8.130899495290145e-10	34.67714309692383	266		
tr|A0A0H4IVZ5|A0A0H4IVZ5_NEIG1	tet_ABC_AB_A-NCBIFAM	tet_ABC_AB_A-NCBIFAM	AMR	HMM	5.701063392895346e-09	31.886573791503906	93		
tr|Q5F9F1|Q5F9F1_NEIG1	tet_ABC_AB_A-NCBIFAM	tet_ABC_AB_A-NCBIFAM	AMR	HMM	1.57897934696047e-08	30.42691421508789	358		
tr|Q5F9W7|Q5F9W7_NEIG1	tet_ABC_AB_A-NCBIFAM	tet_ABC_AB_A-NCBIFAM	AMR	HMM	2.2416956012307016e-08	29.924766540527344	242		
tr|Q5F5B6|Q5F5B6_NEIG1	tet_ABC_AB_A-NCBIFAM	tet_ABC_AB_A-NCBIFAM	AMR	HMM	2.374865711053868e-08	29.842079162597656	243		
tr|Q5F8J2|Q5F8J2_NEIG1	tet_ABC_AB_A-NCBIFAM	tet_ABC_AB_A-NCBIFAM	AMR	HMM	3.453626509201951e-08	29.305500030517578	640		
Q5F8K2	tet_ABC_AB_A-NCBIFAM	tet_ABC_AB_A-NCBIFAM	AMR	HMM	5.041689236763864e-08	28.763429641723633	231		
tr|Q5F7H1|Q5F7H1_NEIG1	tet_ABC_AB_A-NCBIFAM	tet_ABC_AB_A-NCBIFAM	AMR	HMM	5.994531291696947e-08	28.51539421081543	949		
tr|Q5F6F4|Q5F6F4_NEIG1	tet_ABC_AB_A-NCBIFAM	tet_ABC_AB_A-NCBIFAM	AMR	HMM	8.444546719677222e-08	28.024394989013672	244		
Q5F6V6	tet_ABC_AB_A-NCBIFAM	tet_ABC_AB_A-NCBIFAM	AMR	HMM	8.58202997804814e-08	28.00125503540039	644		
tr|Q5F523|Q5F523_NEIG1	tet_ABC_AB_A-NCBIFAM	tet_ABC_AB_A-NCBIFAM	AMR	HMM	9.159565119908923e-08	27.907936096191406	266		
tr|Q5FA40|Q5FA40_NEIG1	tet_ABC_AB_A-NCBIFAM	tet_ABC_AB_A-NCBIFAM	AMR	HMM	1.0537766508305386e-07	27.70709800720215	374		
tr|Q5F5K2|Q5F5K2_NEIG1	tet_ABC_AB_A-NCBIFAM	tet_ABC_AB_A-NCBIFAM	AMR	HMM	4.5842944865057114e-07	25.60044288635254	216		
tr|Q5F6Z0|Q5F6Z0_NEIG1	tet_ABC_AB_A-NCBIFAM	tet_ABC_AB_A-NCBIFAM	AMR	HMM	1.077987975045262e-06	24.37529182434082	308		
tr|Q5F8K8|Q5F8K8_NEIG1	tet_ABC_AB_A-NCBIFAM	tet_ABC_AB_A-NCBIFAM	AMR	HMM	1.5412514142691764e-06	23.86305046081543	542		
Q5F4X8	tet_ABC_AB_B-NCBIFAM	tet_ABC_AB_B-NCBIFAM	AMR	HMM	1.5339151053305847e-36	123.20368194580078	622		
tr|Q5F634|Q5F634_NEIG1	tet_ABC_AB_B-NCBIFAM	tet_ABC_AB_B-NCBIFAM	AMR	HMM	2.1049392261523178e-35	119.45006561279297	618		
tr|Q5F590|Q5F590_NEIG1	tet_ABC_AB_B-NCBIFAM	tet_ABC_AB_B-NCBIFAM	AMR	HMM	1.0458144446708503e-14	51.15127944946289	313		
tr|Q5F6Z0|Q5F6Z0_NEIG1	tet_ABC_AB_B-NCBIFAM	tet_ABC_AB_B-NCBIFAM	AMR	HMM	2.6342514419726045e-11	39.927101135253906	308		
tr|Q5F5B6|Q5F5B6_NEIG1	tet_ABC_AB_B-NCBIFAM	tet_ABC_AB_B-NCBIFAM	AMR	HMM	8.639125732043976e-11	38.22488784790039	243		
tr|Q5F6I5|Q5F6I5_NEIG1	tet_ABC_AB_B-NCBIFAM	tet_ABC_AB_B-NCBIFAM	AMR	HMM	1.9220867922617682e-10	37.078765869140625	558		
Q5F6V6	tet_ABC_AB_B-NCBIFAM	tet_ABC_AB_B-NCBIFAM	AMR	HMM	5.97628794550585e-09	32.15290069580078	644		
tr|Q5F8K8|Q5F8K8_NEIG1	tet_ABC_AB_B-NCBIFAM	tet_ABC_AB_B-NCBIFAM	AMR	HMM	2.4768275686328317e-08	30.115230560302734	542		
Q5F8K2	tet_ABC_AB_B-NCBIFAM	tet_ABC_AB_B-NCBIFAM	AMR	HMM	3.482703915458594e-08	29.626752853393555	231		
Q5FA19	tet_ABC_AB_B-NCBIFAM	tet_ABC_AB_B-NCBIFAM	AMR	HMM	8.168671581759935e-08	28.40495491027832	352		
tr|Q5F548|Q5F548_NEIG1	tet_ABC_AB_B-NCBIFAM	tet_ABC_AB_B-NCBIFAM	AMR	HMM	4.036454969285549e-07	26.115211486816406	252		
tr|Q5F9W7|Q5F9W7_NEIG1	tet_ABC_AB_B-NCBIFAM	tet_ABC_AB_B-NCBIFAM	AMR	HMM	9.136393091939429e-07	24.944433212280273	242		
tr|Q5FA40|Q5FA40_NEIG1	tet_ABC_AB_B-NCBIFAM	tet_ABC_AB_B-NCBIFAM	AMR	HMM	9.990225761992603e-07	24.816389083862305	374		
tr|Q5F8B6|Q5F8B6_NEIG1	tet_ABC_AB_B-NCBIFAM	tet_ABC_AB_B-NCBIFAM	AMR	HMM	1.4762433972002652e-06	24.256755828857422	636		
tr|Q5F503|Q5F503_NEIG1	tet_ABC_AB_B-NCBIFAM	tet_ABC_AB_B-NCBIFAM	AMR	HMM	3.325381868292412e-06	23.092878341674805	266		
tr|Q5F5K2|Q5F5K2_NEIG1	tet_ABC_AB_B-NCBIFAM	tet_ABC_AB_B-NCBIFAM	AMR	HMM	3.918273002524374e-06	22.857738494873047	216		
tr|Q5F9F1|Q5F9F1_NEIG1	tet_ABC_AB_B-NCBIFAM	tet_ABC_AB_B-NCBIFAM	AMR	HMM	6.852998042260641e-06	22.056529998779297	358		
tr|Q5F7X9|Q5F7X9_NEIG1	tet_MFS_30-NCBIFAM	tet_MFS_30-NCBIFAM	AMR	HMM	5.234225380631695e-06	22.771240234375	460		
tr|Q5F680|Q5F680_NEIG1	tet_MFS_38-NCBIFAM	tet_MFS_38-NCBIFAM	AMR	HMM	4.022942783818689e-07	26.301876068115234	507		
tr|Q5F7X9|Q5F7X9_NEIG1	tet_MFS_42-NCBIFAM	tet_MFS_42-NCBIFAM	AMR	HMM	4.4847698975913855e-07	26.31754493713379	460		
tr|Q5F886|Q5F886_NEIG1	tet_MFS_43-NCBIFAM	tet_MFS_43-NCBIFAM	AMR	HMM	2.9724861056902763e-34	115.73638916015625	468		
tr|Q5F680|Q5F680_NEIG1	tet_MFS_43-NCBIFAM	tet_MFS_43-NCBIFAM	AMR	HMM	1.587182753869774e-23	80.35929107666016	507		
tr|Q5F886|Q5F886_NEIG1	tet_MFS_45-NCBIFAM	tet_MFS_45-NCBIFAM	AMR	HMM	4.4169589007172486e-23	78.80229949951172	468		
tr|Q5F680|Q5F680_NEIG1	tet_MFS_45-NCBIFAM	tet_MFS_45-NCBIFAM	AMR	HMM	4.044654251773544e-14	49.259700775146484	507		
tr|Q5F7X9|Q5F7X9_NEIG1	tet_MFS_65-NCBIFAM	tet_MFS_65-NCBIFAM	AMR	HMM	1.2013206507749681e-08	31.423728942871094	460		
tr|Q5F7X9|Q5F7X9_NEIG1	tet_MFS_A-NCBIFAM	tet_MFS_A-NCBIFAM	AMR	HMM	3.676223620410704e-07	26.32571792602539	460		
tr|Q5F7X9|Q5F7X9_NEIG1	tet_MFS_A_B_C_D-NCBIFAM	tet_MFS_A_B_C_D-NCBIFAM	AMR	HMM	2.871165128001843e-17	59.44562911987305	460		
tr|Q5F7X9|Q5F7X9_NEIG1	tet_MFS_B-NCBIFAM	tet_MFS_B-NCBIFAM	AMR	HMM	1.3515511033781347e-07	27.793737411499023	460		
tr|Q5F7X9|Q5F7X9_NEIG1	tet_MFS_C-NCBIFAM	tet_MFS_C-NCBIFAM	AMR	HMM	4.436486883784141e-06	22.718820571899414	460		
tr|Q5F7X9|Q5F7X9_NEIG1	tet_MFS_D-NCBIFAM	tet_MFS_D-NCBIFAM	AMR	HMM	2.004310376325639e-06	23.936071395874023	460		
tr|Q5F7X9|Q5F7X9_NEIG1	tet_MFS_E-NCBIFAM	tet_MFS_E-NCBIFAM	AMR	HMM	2.90977006220019e-06	23.472946166992188	460		
tr|Q5F7X9|Q5F7X9_NEIG1	tet_MFS_H-NCBIFAM	tet_MFS_H-NCBIFAM	AMR	HMM	6.661901057360043e-10	35.47441101074219	460		
tr|Q5F7X9|Q5F7X9_NEIG1	tet_MFS_H_J-NCBIFAM	tet_MFS_H_J-NCBIFAM	AMR	HMM	2.6226927756672463e-10	36.73398208618164	460		
tr|Q5F7X9|Q5F7X9_NEIG1	tet_MFS_J-NCBIFAM	tet_MFS_J-NCBIFAM	AMR	HMM	1.5296870125636249e-09	34.11943817138672	460		
tr|Q5F886|Q5F886_NEIG1	tet_MFS_K-NCBIFAM	tet_MFS_K-NCBIFAM	AMR	HMM	7.679919208178228e-17	58.20686340332031	468		
tr|Q5F680|Q5F680_NEIG1	tet_MFS_K-NCBIFAM	tet_MFS_K-NCBIFAM	AMR	HMM	5.555418131148329e-10	35.59291458129883	507		
tr|Q5F886|Q5F886_NEIG1	tet_MFS_L-NCBIFAM	tet_MFS_L-NCBIFAM	AMR	HMM	1.8165293797784585e-19	66.86811828613281	468		
tr|Q5F680|Q5F680_NEIG1	tet_MFS_L-NCBIFAM	tet_MFS_L-NCBIFAM	AMR	HMM	1.2680000843643872e-15	54.196163177490234	507		
tr|Q5F886|Q5F886_NEIG1	tet_MFS_L_K_45-NCBIFAM	tet_MFS_L_K_45-NCBIFAM	AMR	HMM	1.4854459378702491e-22	76.9062728881836	468		
tr|Q5F680|Q5F680_NEIG1	tet_MFS_L_K_45-NCBIFAM	tet_MFS_L_K_45-NCBIFAM	AMR	HMM	8.5047896154495e-16	54.63286590576172	507		
tr|Q5F886|Q5F886_NEIG1	tet_MFS_OtrB-NCBIFAM	tet_MFS_OtrB-NCBIFAM	AMR	HMM	9.971970497834516e-26	87.2067642211914	468		
tr|Q5F680|Q5F680_NEIG1	tet_MFS_OtrB-NCBIFAM	tet_MFS_OtrB-NCBIFAM	AMR	HMM	9.716841039675635e-24	80.64171600341797	507		
tr|Q5F680|Q5F680_NEIG1	tet_MFS_Tcr3-NCBIFAM	tet_MFS_Tcr3-NCBIFAM	AMR	HMM	4.251753707330919e-28	94.99380493164062	507		
tr|Q5F886|Q5F886_NEIG1	tet_MFS_Tcr3-NCBIFAM	tet_MFS_Tcr3-NCBIFAM	AMR	HMM	2.040588334799118e-24	82.84879302978516	468		
tr|Q5F7X9|Q5F7X9_NEIG1	tet_MFS_Y-NCBIFAM	tet_MFS_Y-NCBIFAM	AMR	HMM	7.312363683885205e-11	38.588199615478516	460		
tr|Q5FA93|Q5FA93_NEIG1	tet_NaH_anti_35-NCBIFAM	tet_NaH_anti_35-NCBIFAM	AMR	HMM	6.890748085087827e-111	367.8473815917969	506		
tr|Q5F684|Q5F684_NEIG1	tet_destruct-NCBIFAM	tet_destruct-NCBIFAM	AMR	HMM	2.198410637144383e-09	33.6361083984375	394		
Q5F5S3	tet_protect-NCBIFAM	tet_protect-NCBIFAM	AMR	HMM	3.436800673542031e-117	389.0557861328125	701		
Q5FA25	tet_protect-NCBIFAM	tet_protect-NCBIFAM	AMR	HMM	6.293222324254939e-64	213.13172912597656	531		
Q5F9P9	tet_protect-NCBIFAM	tet_protect-NCBIFAM	AMR	HMM	8.347297504786888e-52	173.09115600585938	597		
tr|Q5F8H0|Q5F8H0_NEIG1	tet_protect-NCBIFAM	tet_protect-NCBIFAM	AMR	HMM	3.050684932197306e-51	171.23208618164062	603		
Q5F5Q8	tet_protect-NCBIFAM	tet_protect-NCBIFAM	AMR	HMM	1.8144491990626564e-24	82.79777526855469	394		
Q5F797	tet_protect-NCBIFAM	tet_protect-NCBIFAM	AMR	HMM	1.0484572660164851e-12	43.949127197265625	943		
Q5F5S3	tet_protect_M-NCBIFAM	tet_protect_M-NCBIFAM	AMR	HMM	3.1127018948044925e-62	207.52455139160156	701		
Q5FA25	tet_protect_M-NCBIFAM	tet_protect_M-NCBIFAM	AMR	HMM	2.1975874367691585e-35	118.82521057128906	531		
Q5F9P9	tet_protect_M-NCBIFAM	tet_protect_M-NCBIFAM	AMR	HMM	3.9507493778683574e-32	108.07267761230469	597		
tr|Q5F8H0|Q5F8H0_NEIG1	tet_protect_M-NCBIFAM	tet_protect_M-NCBIFAM	AMR	HMM	1.6240639826493085e-27	92.82984161376953	603		
Q5F5Q8	tet_protect_M-NCBIFAM	tet_protect_M-NCBIFAM	AMR	HMM	3.0455345971975515e-21	72.10578155517578	394		
Q5F797	tet_protect_M-NCBIFAM	tet_protect_M-NCBIFAM	AMR	HMM	5.565973235958521e-09	31.596704483032227	943		
Q5F5S3	tet_protect_M_W-NCBIFAM	tet_protect_M_W-NCBIFAM	AMR	HMM	6.528715067157193e-77	256.1502990722656	701		
Q5FA25	tet_protect_M_W-NCBIFAM	tet_protect_M_W-NCBIFAM	AMR	HMM	1.7828566033767288e-43	145.68341064453125	531		
Q5F9P9	tet_protect_M_W-NCBIFAM	tet_protect_M_W-NCBIFAM	AMR	HMM	3.458808071576539e-38	128.21353149414062	597		
tr|Q5F8H0|Q5F8H0_NEIG1	tet_protect_M_W-NCBIFAM	tet_protect_M_W-NCBIFAM	AMR	HMM	7.792937461563164e-31	103.92141723632812	603		
Q5F5Q8	tet_protect_M_W-NCBIFAM	tet_protect_M_W-NCBIFAM	AMR	HMM	9.474492714208996e-23	77.21065521240234	394		
Q5F797	tet_protect_M_W-NCBIFAM	tet_protect_M_W-NCBIFAM	AMR	HMM	7.795007445159047e-10	34.54118728637695	943		
Q5F5S3	tet_protect_Q-NCBIFAM	tet_protect_Q-NCBIFAM	AMR	HMM	2.6544804412373353e-63	211.14955139160156	701		
Q5FA25	tet_protect_Q-NCBIFAM	tet_protect_Q-NCBIFAM	AMR	HMM	4.58342346244817e-32	107.94798278808594	531		
tr|Q5F8H0|Q5F8H0_NEIG1	tet_protect_Q-NCBIFAM	tet_protect_Q-NCBIFAM	AMR	HMM	5.9053487848379645e-31	104.28057861328125	603		
Q5F9P9	tet_protect_Q-NCBIFAM	tet_protect_Q-NCBIFAM	AMR	HMM	9.925471885233174e-29	96.92794799804688	597		
Q5F5Q8	tet_protect_Q-NCBIFAM	tet_protect_Q-NCBIFAM	AMR	HMM	1.128298343767034e-13	47.186981201171875	394		
Q5F797	tet_protect_Q-NCBIFAM	tet_protect_Q-NCBIFAM	AMR	HMM	9.669457334160524e-08	27.585594177246094	943		
tr|Q5F669|Q5F669_NEIG1	trim_DfrA10-NCBIFAM	trim_DfrA10-NCBIFAM	AMR	HMM	2.4250008979549228e-06	24.470373153686523	162		
tr|Q5F669|Q5F669_NEIG1	trim_DfrA12-NCBIFAM	trim_DfrA12-NCBIFAM	AMR	HMM	8.108448164309682e-33	110.44454956054688	162		
tr|Q5F669|Q5F669_NEIG1	trim_DfrA12_A21-NCBIFAM	trim_DfrA12_A21-NCBIFAM	AMR	HMM	3.8280973608298237e-34	114.79290008544922	162		
tr|Q5F669|Q5F669_NEIG1	trim_DfrA18-NCBIFAM	trim_DfrA18-NCBIFAM	AMR	HMM	2.679995025593953e-13	46.90288162231445	162		
tr|Q5F669|Q5F669_NEIG1	trim_DfrA19-NCBIFAM	trim_DfrA19-NCBIFAM	AMR	HMM	4.258884299962216e-07	26.6412296295166	162		
tr|Q5F669|Q5F669_NEIG1	trim_DfrA1_like-NCBIFAM	trim_DfrA1_like-NCBIFAM	AMR	HMM	4.807359532757083e-22	75.42439270019531	162		
tr|Q5F669|Q5F669_NEIG1	trim_DfrA1_rpt-NCBIFAM	trim_DfrA1_rpt-NCBIFAM	AMR	HMM	4.447438440390306e-14	49.530216217041016	162		
tr|Q5F669|Q5F669_NEIG1	trim_DfrA20-NCBIFAM	trim_DfrA20-NCBIFAM	AMR	HMM	1.521018024310009e-27	93.54034423828125	162		
tr|Q5F669|Q5F669_NEIG1	trim_DfrA24-NCBIFAM	trim_DfrA24-NCBIFAM	AMR	HMM	5.700467014307714e-13	45.85028839111328	162		
tr|Q5F669|Q5F669_NEIG1	trim_DfrA26-NCBIFAM	trim_DfrA26-NCBIFAM	AMR	HMM	2.6761371974116853e-42	141.81068420410156	162		
tr|Q5F669|Q5F669_NEIG1	trim_DfrA3-NCBIFAM	trim_DfrA3-NCBIFAM	AMR	HMM	1.6635735840763152e-44	148.46530151367188	162		
tr|Q5F669|Q5F669_NEIG1	trim_DfrA35-NCBIFAM	trim_DfrA35-NCBIFAM	AMR	HMM	1.650777609694173e-24	83.25952911376953	162		
tr|Q5F669|Q5F669_NEIG1	trim_DfrA36-NCBIFAM	trim_DfrA36-NCBIFAM	AMR	HMM	1.0236210540517413e-23	80.72325134277344	162		
tr|Q5F669|Q5F669_NEIG1	trim_DfrA3b-NCBIFAM	trim_DfrA3b-NCBIFAM	AMR	HMM	8.512603038936611e-12	42.16282653808594	162		
tr|Q5F669|Q5F669_NEIG1	trim_DfrA50-NCBIFAM	trim_DfrA50-NCBIFAM	AMR	HMM	1.7915552225533715e-19	67.18988800048828	162		
tr|Q5F669|Q5F669_NEIG1	trim_DfrA8-NCBIFAM	trim_DfrA8-NCBIFAM	AMR	HMM	2.3636983345072064e-20	69.87461853027344	162		
tr|Q5F669|Q5F669_NEIG1	trim_DfrA9-NCBIFAM	trim_DfrA9-NCBIFAM	AMR	HMM	8.68053506387263e-15	52.06795883178711	162		
tr|Q5F669|Q5F669_NEIG1	trim_DfrD-NCBIFAM	trim_DfrD-NCBIFAM	AMR	HMM	1.5238691281299796e-28	96.60658264160156	162		
tr|Q5F669|Q5F669_NEIG1	trim_DfrDGK-NCBIFAM	trim_DfrDGK-NCBIFAM	AMR	HMM	2.9435527435161345e-34	115.14860534667969	162		
tr|Q5F669|Q5F669_NEIG1	trim_DfrE-NCBIFAM	trim_DfrE-NCBIFAM	AMR	HMM	2.630484595176173e-29	98.87211608886719	162		
tr|Q5F669|Q5F669_NEIG1	trim_DfrF-NCBIFAM	trim_DfrF-NCBIFAM	AMR	HMM	2.0712423349994443e-24	83.15717315673828	162		
tr|Q5F669|Q5F669_NEIG1	trim_DfrG-NCBIFAM	trim_DfrG-NCBIFAM	AMR	HMM	6.461992074671663e-34	113.93292236328125	162		
tr|Q5F669|Q5F669_NEIG1	trim_DfrI-NCBIFAM	trim_DfrI-NCBIFAM	AMR	HMM	1.7279929377073346e-33	112.59113311767578	162		
tr|Q5F669|Q5F669_NEIG1	trim_DfrL-NCBIFAM	trim_DfrL-NCBIFAM	AMR	HMM	1.723810414296314e-20	70.612548828125	162		
tr|Q5F751|Q5F751_NEIG1	vanH-Ac1-NCBIFAM	vanH-Ac1-NCBIFAM	AMR	HMM	3.634537141631687e-54	181.2296600341797	332		
tr|Q5F586|Q5F586_NEIG1	vanH-Ac1-NCBIFAM	vanH-Ac1-NCBIFAM	AMR	HMM	3.633978385804035e-11	39.80960464477539	104		
tr|Q5F751|Q5F751_NEIG1	vanH-Amyco-NCBIFAM	vanH-Amyco-NCBIFAM	AMR	HMM	1.9308279860755215e-54	182.06277465820312	332		
tr|Q5F586|Q5F586_NEIG1	vanH-Amyco-NCBIFAM	vanH-Amyco-NCBIFAM	AMR	HMM	1.7188162201222644e-11	40.814693450927734	104		
tr|Q5F751|Q5F751_NEIG1	vanH-D-NCBIFAM	vanH-D-NCBIFAM	AMR	HMM	2.8591873600891515e-55	184.53883361816406	332		
tr|Q5F586|Q5F586_NEIG1	vanH-D-NCBIFAM	vanH-D-NCBIFAM	AMR	HMM	1.5568485551319864e-12	44.10916519165039	104		
tr|Q5F751|Q5F751_NEIG1	vanH-Sc-NCBIFAM	vanH-Sc-NCBIFAM	AMR	HMM	9.130797896843378e-54	179.65713500976562	332		
tr|Q5F586|Q5F586_NEIG1	vanH-Sc-NCBIFAM	vanH-Sc-NCBIFAM	AMR	HMM	1.322226918300579e-10	37.77287673950195	104		
tr|Q5F751|Q5F751_NEIG1	vanH_Agroup-NCBIFAM	vanH_Agroup-NCBIFAM	AMR	HMM	7.47182943769208e-55	183.24514770507812	332		
tr|Q5F586|Q5F586_NEIG1	vanH_Agroup-NCBIFAM	vanH_Agroup-NCBIFAM	AMR	HMM	5.603961343550978e-14	48.92089080810547	104		
tr|Q5F751|Q5F751_NEIG1	vanH_gen-NCBIFAM	vanH_gen-NCBIFAM	AMR	HMM	1.0091136406996512e-69	231.89646911621094	332		
tr|Q5F586|Q5F586_NEIG1	vanH_gen-NCBIFAM	vanH_gen-NCBIFAM	AMR	HMM	1.3966292715733433e-15	54.05318832397461	104		
tr|Q5FA55|Q5FA55_NEIG1	vanR-A-NCBIFAM	vanR-A-NCBIFAM	AMR	HMM	4.506179515480863e-39	131.1092529296875	225		
tr|Q5F5Q1|Q5F5Q1_NEIG1	vanR-A-NCBIFAM	vanR-A-NCBIFAM	AMR	HMM	1.2612898086890168e-09	34.75535583496094	425		
tr|Q5FA55|Q5FA55_NEIG1	vanR-B-NCBIFAM	vanR-B-NCBIFAM	AMR	HMM	2.417040864793852e-33	112.29251861572266	225		
tr|Q5F5Q1|Q5F5Q1_NEIG1	vanR-B-NCBIFAM	vanR-B-NCBIFAM	AMR	HMM	9.746881734131509e-11	38.38544464111328	425		
tr|Q5F8M0|Q5F8M0_NEIG1	vanR-B-NCBIFAM	vanR-B-NCBIFAM	AMR	HMM	6.045327971422991e-09	32.524837493896484	218		
tr|Q5FA55|Q5FA55_NEIG1	vanR-C-NCBIFAM	vanR-C-NCBIFAM	AMR	HMM	2.144427209725435e-41	138.84735107421875	225		
tr|Q5F5Q1|Q5F5Q1_NEIG1	vanR-C-NCBIFAM	vanR-C-NCBIFAM	AMR	HMM	3.6012278970228795e-09	33.39259719848633	425		
tr|Q5F8M0|Q5F8M0_NEIG1	vanR-C-NCBIFAM	vanR-C-NCBIFAM	AMR	HMM	8.453614441128324e-08	28.907421112060547	218		
tr|Q5FA55|Q5FA55_NEIG1	vanR-D-NCBIFAM	vanR-D-NCBIFAM	AMR	HMM	7.601191067536773e-32	107.56658172607422	225		
tr|Q5F5Q1|Q5F5Q1_NEIG1	vanR-D-NCBIFAM	vanR-D-NCBIFAM	AMR	HMM	4.174096649629019e-08	29.876649856567383	425		
tr|Q5FA55|Q5FA55_NEIG1	vanR-O-NCBIFAM	vanR-O-NCBIFAM	AMR	HMM	1.734694188224958e-31	106.3045425415039	225		
tr|Q5F8M0|Q5F8M0_NEIG1	vanR-O-NCBIFAM	vanR-O-NCBIFAM	AMR	HMM	2.7983618115605477e-07	27.087547302246094	218		
tr|Q5FA55|Q5FA55_NEIG1	vanR_ACDEGLN-NCBIFAM	vanR_ACDEGLN-NCBIFAM	AMR	HMM	4.53892003998818e-50	167.189697265625	225		
tr|Q5F5Q1|Q5F5Q1_NEIG1	vanR_ACDEGLN-NCBIFAM	vanR_ACDEGLN-NCBIFAM	AMR	HMM	1.8380195985844285e-14	50.722999572753906	425		
tr|Q5F8M0|Q5F8M0_NEIG1	vanR_ACDEGLN-NCBIFAM	vanR_ACDEGLN-NCBIFAM	AMR	HMM	6.015137598957304e-09	32.684566497802734	218		
tr|Q5FA55|Q5FA55_NEIG1	vanR_FM-NCBIFAM	vanR_FM-NCBIFAM	AMR	HMM	9.210100644951008e-46	153.21029663085938	225		
tr|Q5F5Q1|Q5F5Q1_NEIG1	vanR_FM-NCBIFAM	vanR_FM-NCBIFAM	AMR	HMM	1.6291218048595108e-16	57.5140266418457	425		
tr|Q5F8M0|Q5F8M0_NEIG1	vanR_FM-NCBIFAM	vanR_FM-NCBIFAM	AMR	HMM	4.7828016910280085e-11	39.6240234375	218		
Q5F788	vanT-CELN-NCBIFAM	vanT-CELN-NCBIFAM	AMR	HMM	4.877748221576783e-42	141.1010284423828	352		
Q5F788	vanT-G-Cterm-NCBIFAM	vanT-G-Cterm-NCBIFAM	AMR	HMM	6.398698459040683e-59	196.5229949951172	352		
Q5F788	vanT-L-cat-NCBIFAM	vanT-L-cat-NCBIFAM	AMR	HMM	3.701642550832433e-31	105.52251434326172	352		
tr|Q5F9F3|Q5F9F3_NEIG1	vanY_of_D-NCBIFAM	vanY_of_D-NCBIFAM	AMR	HMM	3.194314185824364e-15	53.08526611328125	389		
tr|Q5F9R4|Q5F9R4_NEIG1	vanY_of_D-NCBIFAM	vanY_of_D-NCBIFAM	AMR	HMM	5.867657105345824e-14	48.927406311035156	312		
